true_class,Gourd,Hibiscus,Papaya,Zucchini,Rejected
Gourd,0.8300706357214935,0.0,0.0,0.0010090817356205853,0.168920282542886
Hibiscus,0.0,0.6603915662650602,0.0,0.0007530120481927711,0.338855421686747
Papaya,0.0,0.0,0.9727611940298507,0.0,0.02723880597014925
Zucchini,0.002285714285714286,0.0,0.0,0.7010285714285713,0.29668571428571433
