{
  "n": 20214,
  "kept": 18893,
  "rejected": 1321,
  "acc_kept": 0.9883554755729635,
  "rejection_rate": 0.06535074700702484,
  "overall_accuracy": 0.9237657069357871,
  "any2_kept": 20198
}