acc_kept,ami_all,ami_kept,ari_all,ari_kept,completeness_all,completeness_kept,dataset,dim,error_gap,error_lift,homogeneity_all,homogeneity_kept,k,kept,kept_error,method,n,nmi_all,nmi_kept,overall_accuracy,reduction,rejected,rejected_error,rejection_rate,repeat,seed,subset,v_measure_all,v_measure_kept
0.9994294842537654,0.6291531184783641,0.6286970493392537,0.1396967193420598,0.14016734071770723,0.4616207033633102,0.46259794208471633,F_new,100,-0.00018486206324186405,0.6759737755496447,0.9984869417072703,0.9983616653383276,60,8764,0.0005705157462345678,random_reject_same_coverage,13950,0.6313537852994531,0.6322420544622868,0.6278853046594982,umap,5186,0.00038565368299270375,0.3717562724014337,0,11,exact_dedup_clean,0.6313537852994531,0.6322420544622868
0.9994294842537654,0.6291531184783641,0.6284287582989717,0.1396967193420598,0.1398388860735715,0.4616207033633102,0.46232819653000096,F_new,100,-0.00018486206324186405,0.6759737755496447,0.9984869417072703,0.998293720563572,60,8764,0.0005705157462345678,random_reject_same_coverage,13950,0.6313537852994531,0.6319764615798422,0.6278853046594982,umap,5186,0.00038565368299270375,0.3717562724014337,1,11,exact_dedup_clean,0.6313537852994531,0.6319764615798422
0.9994294842537654,0.6291531184783641,0.6294835262490184,0.1396967193420598,0.1403477918322874,0.4616207033633102,0.46342098914562635,F_new,100,-0.00018486206324186405,0.6759737755496447,0.9984869417072703,0.9983928309725263,60,8764,0.0005705157462345678,random_reject_same_coverage,13950,0.6313537852994531,0.633016581068845,0.6278853046594982,umap,5186,0.00038565368299270375,0.3717562724014337,2,11,exact_dedup_clean,0.6313537852994531,0.633016581068845
0.9995435874030123,0.6291531184783641,0.6274332780565569,0.1396967193420598,0.13857813833052748,0.4616207033633102,0.4612125282917856,F_new,100,0.00012206792750135698,1.2674508291554603,0.9984869417072703,0.9986368161443306,60,8764,0.00045641259698769865,random_reject_same_coverage,13950,0.6313537852994531,0.6310018394358243,0.6279569892473118,umap,5186,0.0005784805244890556,0.3717562724014337,3,11,exact_dedup_clean,0.6313537852994531,0.6310018394358243
0.9994294842537654,0.6291531184783641,0.6269630361863664,0.1396967193420598,0.13847139622793334,0.4616207033633102,0.46076001633636265,F_new,100,-0.00018486206324186405,0.6759737755496447,0.9984869417072703,0.9984067526313251,60,8764,0.0005705157462345678,random_reject_same_coverage,13950,0.6313537852994531,0.6305323304178552,0.6278853046594982,umap,5186,0.00038565368299270375,0.3717562724014337,4,11,exact_dedup_clean,0.6313537852994531,0.6305323304178553
0.9993153811045185,0.6291531184783641,0.6266170487512382,0.1396967193420598,0.13860394827741832,0.4616207033633102,0.4604770683208189,F_new,100,-0.0004917920539851961,0.2816557398123245,0.9984869417072703,0.998028047028226,60,8764,0.000684618895481548,random_reject_same_coverage,13950,0.6313537852994531,0.6301918647539707,0.6278136200716846,umap,5186,0.00019282684149635188,0.3717562724014337,5,11,exact_dedup_clean,0.6313537852994531,0.6301918647539707
0.9994294842537654,0.6291531184783641,0.6278251799247457,0.1396967193420598,0.1397163078120277,0.4616207033633102,0.4616666898752137,F_new,100,-0.00018486206324186405,0.6759737755496447,0.9984869417072703,0.9984478388804806,60,8764,0.0005705157462345678,random_reject_same_coverage,13950,0.6313537852994531,0.6313889762905552,0.6278853046594982,umap,5186,0.00038565368299270375,0.3717562724014337,6,11,exact_dedup_clean,0.6313537852994531,0.6313889762905552
0.9996576905522593,0.6291531184783641,0.6299255728933256,0.1396967193420598,0.14072158754083525,0.4616207033633102,0.4637754727807971,F_new,100,0.000428997918244578,2.2532459184986373,0.9984869417072703,0.9989055288143054,60,8764,0.0003423094477407185,random_reject_same_coverage,13950,0.6313537852994531,0.6334503331676524,0.6280286738351254,umap,5186,0.0007713073659852965,0.3717562724014337,7,11,exact_dedup_clean,0.6313537852994531,0.6334503331676524
0.9993153811045185,0.6291531184783641,0.6264323680800178,0.1396967193420598,0.13743599543897794,0.4616207033633102,0.4602714321078837,F_new,100,-0.0004917920539851961,0.2816557398123245,0.9984869417072703,0.9980651264339758,60,8764,0.000684618895481548,random_reject_same_coverage,13950,0.6313537852994531,0.6300066502344578,0.6278136200716846,umap,5186,0.00019282684149635188,0.3717562724014337,8,11,exact_dedup_clean,0.6313537852994531,0.6300066502344577
0.9996576905522593,0.6291531184783641,0.628341136203114,0.1396967193420598,0.14005784619395129,0.4616207033633102,0.462100163824515,F_new,100,0.000428997918244578,2.2532459184986373,0.9984869417072703,0.9989478253681564,60,8764,0.0003423094477407185,random_reject_same_coverage,13950,0.6313537852994531,0.631894307605654,0.6280286738351254,umap,5186,0.0007713073659852965,0.3717562724014337,9,11,exact_dedup_clean,0.6313537852994531,0.631894307605654
0.9996576905522593,0.6291531184783641,0.6284421955389997,0.1396967193420598,0.1394252854616244,0.4616207033633102,0.4621937320666272,F_new,100,0.000428997918244578,2.2532459184986373,0.9984869417072703,0.9990048806645102,60,8764,0.0003423094477407185,random_reject_same_coverage,13950,0.6313537852994531,0.631993200820353,0.6280286738351254,umap,5186,0.0007713073659852965,0.3717562724014337,10,11,exact_dedup_clean,0.6313537852994531,0.631993200820353
0.9994294842537654,0.6291531184783641,0.6297348392259468,0.1396967193420598,0.1425707942928616,0.4616207033633102,0.4636992239899217,F_new,100,-0.00018486206324186405,0.6759737755496447,0.9984869417072703,0.9983856053018989,60,8764,0.0005705157462345678,random_reject_same_coverage,13950,0.6313537852994531,0.6332746515746761,0.6278853046594982,umap,5186,0.00038565368299270375,0.3717562724014337,11,11,exact_dedup_clean,0.6313537852994531,0.6332746515746762
0.9996576905522593,0.6291531184783641,0.6265632367540305,0.1396967193420598,0.1375698382152049,0.4616207033633102,0.46020405454884017,F_new,100,0.000428997918244578,2.2532459184986373,0.9984869417072703,0.9990223693835866,60,8764,0.0003423094477407185,random_reject_same_coverage,13950,0.6313537852994531,0.6301340730060762,0.6280286738351254,umap,5186,0.0007713073659852965,0.3717562724014337,12,11,exact_dedup_clean,0.6313537852994531,0.6301340730060763
0.9994294842537654,0.6291531184783641,0.6287385318172487,0.1396967193420598,0.1413375257211584,0.4616207033633102,0.46265786354138416,F_new,100,-0.00018486206324186405,0.6759737755496447,0.9984869417072703,0.9983034278450262,60,8764,0.0005705157462345678,random_reject_same_coverage,13950,0.6313537852994531,0.6322863361485997,0.6278853046594982,umap,5186,0.00038565368299270375,0.3717562724014337,13,11,exact_dedup_clean,0.6313537852994531,0.6322863361485999
0.9995435874030123,0.6291531184783641,0.6275785163843599,0.1396967193420598,0.13939774193533025,0.4616207033633102,0.46137031465768347,F_new,100,0.00012206792750135698,1.2674508291554603,0.9984869417072703,0.9986362692412486,60,8764,0.00045641259698769865,random_reject_same_coverage,13950,0.6313537852994531,0.6311493863788007,0.6279569892473118,umap,5186,0.0005784805244890556,0.3717562724014337,14,11,exact_dedup_clean,0.6313537852994531,0.6311493863788007
0.9998858968507531,0.6291531184783641,0.627477182511226,0.1396967193420598,0.13827455123254978,0.4616207033633102,0.46103828535602054,F_new,100,0.001042857899731131,10.139606633247643,0.9984869417072703,0.999649409536284,60,8764,0.00011410314924686915,random_reject_same_coverage,13950,0.6313537852994531,0.6310406411190406,0.6281720430107527,umap,5186,0.0011569610489780002,0.3717562724014337,15,11,exact_dedup_clean,0.6313537852994531,0.6310406411190406
0.9995435874030123,0.6291531184783641,0.6265675169703684,0.1396967193420598,0.14030626121199127,0.4616207033633102,0.4603045409885025,F_new,100,0.00012206792750135698,1.2674508291554603,0.9984869417072703,0.9986482628116649,60,8764,0.00045641259698769865,random_reject_same_coverage,13950,0.6313537852994531,0.630153804873117,0.6279569892473118,umap,5186,0.0005784805244890556,0.3717562724014337,16,11,exact_dedup_clean,0.6313537852994531,0.630153804873117
0.9992012779552716,0.6291531184783641,0.6270714066095715,0.1396967193420598,0.1386157912612726,0.4616207033633102,0.46099552086855783,F_new,100,-0.0007987220447284171,0.0,0.9984869417072703,0.9977897649744094,60,8764,0.0007987220447284171,random_reject_same_coverage,13950,0.6313537852994531,0.630629629851104,0.6277419354838709,umap,5186,0.0,0.3717562724014337,17,11,exact_dedup_clean,0.6313537852994531,0.630629629851104
0.9995435874030123,0.6291531184783641,0.6285287013889479,0.1396967193420598,0.14083540169968825,0.4616207033633102,0.4623658706137862,F_new,100,0.00012206792750135698,1.2674508291554603,0.9984869417072703,0.9986403324091531,60,8764,0.00045641259698769865,random_reject_same_coverage,13950,0.6313537852994531,0.6320811037886458,0.6279569892473118,umap,5186,0.0005784805244890556,0.3717562724014337,18,11,exact_dedup_clean,0.6313537852994531,0.6320811037886458
0.9993153811045185,0.6291531184783641,0.6268910999916709,0.1396967193420598,0.13849856915652073,0.4616207033633102,0.4607689350705403,F_new,100,-0.0004917920539851961,0.2816557398123245,0.9984869417072703,0.9980093867065686,60,8764,0.000684618895481548,random_reject_same_coverage,13950,0.6313537852994531,0.6304614147857495,0.6278136200716846,umap,5186,0.00019282684149635188,0.3717562724014337,19,11,exact_dedup_clean,0.6313537852994531,0.6304614147857494
0.9994404029099049,0.6302222137131498,0.628438715524015,0.1402497418449407,0.14016273318175837,0.46269189622697776,0.4622262984898405,F_new,100,-0.0003601952954789267,0.3563310069791457,0.9988215003914528,0.9985373613603944,60,8935,0.0005595970900951208,random_reject_same_coverage,13950,0.6324220018477912,0.6319300529323791,0.6401433691756272,umap,5015,0.00019940179461619412,0.3594982078853047,0,22,exact_dedup_clean,0.6324220018477911,0.631930052932379
0.9995523223279239,0.6302222137131498,0.6277193987201164,0.1402497418449407,0.1388180640437548,0.46269189622697776,0.4613910690974204,F_new,100,-4.8874082843819444e-05,0.8908275174476162,0.9988215003914528,0.9988973659270193,60,8935,0.00044767767207609666,random_reject_same_coverage,13950,0.6324220018477912,0.63122094584821,0.6402150537634409,umap,5015,0.0003988035892322772,0.3594982078853047,1,22,exact_dedup_clean,0.6324220018477911,0.6312209458482101
0.9996642417459429,0.6302222137131498,0.630190728710427,0.1402497418449407,0.1405006516263384,0.46269189622697776,0.46395277056229595,F_new,100,0.00026244712979139884,1.781655034895398,0.9988215003914528,0.9991210640295374,60,8935,0.0003357582540570725,random_reject_same_coverage,13950,0.6324220018477912,0.6336590468969356,0.6402867383512545,umap,5015,0.0005982053838484713,0.3594982078853047,2,22,exact_dedup_clean,0.6324220018477911,0.6336590468969356
0.9995523223279239,0.6302222137131498,0.6287754142449415,0.1402497418449407,0.1396041586542472,0.46269189622697776,0.46250680136939637,F_new,100,-4.8874082843819444e-05,0.8908275174476162,0.9988215003914528,0.9989071199189391,60,8935,0.00044767767207609666,random_reject_same_coverage,13950,0.6324220018477912,0.6322662322684582,0.6402150537634409,umap,5015,0.0003988035892322772,0.3594982078853047,3,22,exact_dedup_clean,0.6324220018477911,0.6322662322684582
0.9995523223279239,0.6302222137131498,0.6305846256554145,0.1402497418449407,0.14133084258973305,0.46269189622697776,0.46441209037332976,F_new,100,-4.8874082843819444e-05,0.8908275174476162,0.9988215003914528,0.9989094366514965,60,8935,0.00044767767207609666,random_reject_same_coverage,13950,0.6324220018477912,0.6340446866959761,0.6402150537634409,umap,5015,0.0003988035892322772,0.3594982078853047,4,22,exact_dedup_clean,0.6324220018477911,0.6340446866959762
0.9995523223279239,0.6302222137131498,0.6283259123639915,0.1402497418449407,0.138892493380166,0.46269189622697776,0.46202775109130445,F_new,100,-4.8874082843819444e-05,0.8908275174476162,0.9988215003914528,0.9989040190335405,60,8935,0.00044767767207609666,random_reject_same_coverage,13950,0.6324220018477912,0.631817839693763,0.6402150537634409,umap,5015,0.0003988035892322772,0.3594982078853047,5,22,exact_dedup_clean,0.6324220018477911,0.6318178396937629
0.9995523223279239,0.6302222137131498,0.6301370587063055,0.1402497418449407,0.14307994597841464,0.46269189622697776,0.463985586858446,F_new,100,-4.8874082843819444e-05,0.8908275174476162,0.9988215003914528,0.9987585731767824,60,8935,0.00044767767207609666,random_reject_same_coverage,13950,0.6324220018477912,0.6336167258314986,0.6402150537634409,umap,5015,0.0003988035892322772,0.3594982078853047,6,22,exact_dedup_clean,0.6324220018477911,0.6336167258314986
0.9994404029099049,0.6302222137131498,0.6279720538016361,0.1402497418449407,0.1388191769522324,0.46269189622697776,0.46173090863768457,F_new,100,-0.0003601952954789267,0.3563310069791457,0.9988215003914528,0.9985506997345509,60,8935,0.0005595970900951208,random_reject_same_coverage,13950,0.6324220018477912,0.6314696004740782,0.6401433691756272,umap,5015,0.00019940179461619412,0.3594982078853047,7,22,exact_dedup_clean,0.6324220018477911,0.6314696004740782
0.9996642417459429,0.6302222137131498,0.6299866510169214,0.1402497418449407,0.14033528000984144,0.46269189622697776,0.4637370145578479,F_new,100,0.00026244712979139884,1.781655034895398,0.9988215003914528,0.9991360707389445,60,8935,0.0003357582540570725,random_reject_same_coverage,13950,0.6324220018477912,0.6334608015397777,0.6402867383512545,umap,5015,0.0005982053838484713,0.3594982078853047,8,22,exact_dedup_clean,0.6324220018477911,0.6334608015397777
0.9995523223279239,0.6302222137131498,0.6290003641414436,0.1402497418449407,0.1400949712317482,0.46269189622697776,0.4627456551037312,F_new,100,-4.8874082843819444e-05,0.8908275174476162,0.9988215003914528,0.9988923569258391,60,8935,0.00044767767207609666,random_reject_same_coverage,13950,0.6324220018477912,0.6324864217808892,0.6402150537634409,umap,5015,0.0003988035892322772,0.3594982078853047,9,22,exact_dedup_clean,0.6324220018477911,0.632486421780889
0.9996642417459429,0.6302222137131498,0.6301332258416589,0.1402497418449407,0.1409581791916807,0.46269189622697776,0.46392653159794267,F_new,100,0.00026244712979139884,1.781655034895398,0.9988215003914528,0.9989888683268904,60,8935,0.0003357582540570725,random_reject_same_coverage,13950,0.6324220018477912,0.6336079869166205,0.6402867383512545,umap,5015,0.0005982053838484713,0.3594982078853047,10,22,exact_dedup_clean,0.6324220018477911,0.6336079869166205
0.9995523223279239,0.6302222137131498,0.6294290640424058,0.1402497418449407,0.1413314363857233,0.46269189622697776,0.4632331827904777,F_new,100,-4.8874082843819444e-05,0.8908275174476162,0.9988215003914528,0.9987625454951734,60,8935,0.00044767767207609666,random_reject_same_coverage,13950,0.6324220018477912,0.6329156013939488,0.6402150537634409,umap,5015,0.0003988035892322772,0.3594982078853047,11,22,exact_dedup_clean,0.6324220018477911,0.6329156013939488
0.9996642417459429,0.6302222137131498,0.6300899902747138,0.1402497418449407,0.1407901951306757,0.46269189622697776,0.4638434104216765,F_new,100,0.00026244712979139884,1.781655034895398,0.9988215003914528,0.9991268072732152,60,8935,0.0003357582540570725,random_reject_same_coverage,13950,0.6324220018477912,0.6335581956815763,0.6402867383512545,umap,5015,0.0005982053838484713,0.3594982078853047,12,22,exact_dedup_clean,0.6324220018477911,0.6335581956815762
0.9996642417459429,0.6302222137131498,0.6283754029928087,0.1402497418449407,0.13886406339592258,0.46269189622697776,0.46202278432916544,F_new,100,0.00026244712979139884,1.781655034895398,0.9988215003914528,0.9991407076836895,60,8935,0.0003357582540570725,random_reject_same_coverage,13950,0.6324220018477912,0.6318605333681164,0.6402867383512545,umap,5015,0.0005982053838484713,0.3594982078853047,13,22,exact_dedup_clean,0.6324220018477911,0.6318605333681163
0.9995523223279239,0.6302222137131498,0.6296227102452269,0.1402497418449407,0.14058781893930947,0.46269189622697776,0.4634000098514318,F_new,100,-4.8874082843819444e-05,0.8908275174476162,0.9988215003914528,0.9988894598360221,60,8935,0.00044767767207609666,random_reject_same_coverage,13950,0.6324220018477912,0.6330967911947557,0.6402150537634409,umap,5015,0.0003988035892322772,0.3594982078853047,14,22,exact_dedup_clean,0.6324220018477911,0.6330967911947557
0.9994404029099049,0.6302222137131498,0.6295440548440269,0.1402497418449407,0.13990449344444175,0.46269189622697776,0.46338800912211925,F_new,100,-0.0003601952954789267,0.3563310069791457,0.9988215003914528,0.9985227996651456,60,8935,0.0005595970900951208,random_reject_same_coverage,13950,0.6324220018477912,0.6330119312596292,0.6401433691756272,umap,5015,0.00019940179461619412,0.3594982078853047,15,22,exact_dedup_clean,0.6324220018477911,0.6330119312596292
0.9996642417459429,0.6302222137131498,0.629261111102168,0.1402497418449407,0.13971055028299842,0.46269189622697776,0.4629728172001352,F_new,100,0.00026244712979139884,1.781655034895398,0.9988215003914528,0.9991245760892492,60,8935,0.0003357582540570725,random_reject_same_coverage,13950,0.6324220018477912,0.6327451534336705,0.6402867383512545,umap,5015,0.0005982053838484713,0.3594982078853047,16,22,exact_dedup_clean,0.6324220018477911,0.6327451534336704
0.9994404029099049,0.6302222137131498,0.6312045030886991,0.1402497418449407,0.14314543974487368,0.46269189622697776,0.465160321800101,F_new,100,-0.0003601952954789267,0.3563310069791457,0.9988215003914528,0.9985290242746213,60,8935,0.0005595970900951208,random_reject_same_coverage,13950,0.6324220018477912,0.6346648399183086,0.6401433691756272,umap,5015,0.00019940179461619412,0.3594982078853047,17,22,exact_dedup_clean,0.6324220018477911,0.6346648399183086
0.9996642417459429,0.6302222137131498,0.6292881900059435,0.1402497418449407,0.14062629613362276,0.46269189622697776,0.46302882286175606,F_new,100,0.00026244712979139884,1.781655034895398,0.9988215003914528,0.9989916270568149,60,8935,0.0003357582540570725,random_reject_same_coverage,13950,0.6324220018477912,0.6327707894244986,0.6402867383512545,umap,5015,0.0005982053838484713,0.3594982078853047,18,22,exact_dedup_clean,0.6324220018477911,0.6327707894244987
0.9995523223279239,0.6302222137131498,0.6298097846339775,0.1402497418449407,0.1399474624919307,0.46269189622697776,0.46363087208146014,F_new,100,-4.8874082843819444e-05,0.8908275174476162,0.9988215003914528,0.9987511148988147,60,8935,0.00044767767207609666,random_reject_same_coverage,13950,0.6324220018477912,0.6332844010873526,0.6402150537634409,umap,5015,0.0003988035892322772,0.3594982078853047,19,22,exact_dedup_clean,0.6324220018477911,0.6332844010873526
0.999530736743313,0.629372010103352,0.627102102169743,0.14143927682741042,0.14130420900952362,0.4617987435845107,0.4609821705220174,F_new,100,-0.00010066760611560088,0.7854773313676296,0.9987390848867278,0.9985993897695044,60,8524,0.000469263256686947,random_reject_same_coverage,13950,0.631570707144498,0.6307787474184935,0.610752688172043,umap,5426,0.00036859565057134613,0.3889605734767025,0,33,exact_dedup_clean,0.631570707144498,0.6307787474184935
0.9996480525574848,0.629372010103352,0.6288027363880447,0.14143927682741042,0.14269621245388703,0.4617987435845107,0.46271130385134174,F_new,100,0.00020094603334175343,1.5709546627351016,0.9987390848867278,0.9988850464673411,60,8524,0.00035194744251521026,random_reject_same_coverage,13950,0.631570707144498,0.6324528686018346,0.6108243727598567,umap,5426,0.0005528934758569637,0.3889605734767025,1,33,exact_dedup_clean,0.631570707144498,0.6324528686018346
0.9996480525574848,0.629372010103352,0.6279592106228994,0.14143927682741042,0.14028059920244024,0.4617987435845107,0.4617725561486533,F_new,100,0.00020094603334175343,1.5709546627351016,0.9987390848867278,0.9990889808531941,60,8524,0.00035194744251521026,random_reject_same_coverage,13950,0.631570707144498,0.6316161536505003,0.6108243727598567,umap,5426,0.0005528934758569637,0.3889605734767025,2,33,exact_dedup_clean,0.631570707144498,0.6316161536505002
0.999530736743313,0.629372010103352,0.6284108024163416,0.14143927682741042,0.1421791841072336,0.4617987435845107,0.46231989383157357,F_new,100,-0.00010066760611560088,0.7854773313676296,0.9987390848867278,0.9987397698037488,60,8524,0.000469263256686947,random_reject_same_coverage,13950,0.631570707144498,0.6320580546206744,0.610752688172043,umap,5426,0.00036859565057134613,0.3889605734767025,3,33,exact_dedup_clean,0.631570707144498,0.6320580546206743
0.9997653683716565,0.629372010103352,0.6294742957329116,0.14143927682741042,0.1423142737873983,0.4617987435845107,0.4633381801715135,F_new,100,0.0005025596727992188,3.1419093254705186,0.9987390848867278,0.9992755628193237,60,8524,0.0002346316283434735,random_reject_same_coverage,13950,0.631570707144498,0.6331166009965091,0.6108960573476703,umap,5426,0.0007371913011426923,0.3889605734767025,4,33,exact_dedup_clean,0.631570707144498,0.6331166009965092
0.9994134209291412,0.629372010103352,0.6261863108168209,0.14143927682741042,0.13936588595153462,0.4617987435845107,0.46003211738949107,F_new,100,-0.00040228124557317724,0.3141909325468978,0.9987390848867278,0.9985077566594535,60,8524,0.0005865790708587948,random_reject_same_coverage,13950,0.631570707144498,0.6298705242123052,0.6106810035842294,umap,5426,0.00018429782528561756,0.3889605734767025,5,33,exact_dedup_clean,0.631570707144498,0.629870524212305
0.9997653683716565,0.629372010103352,0.6281920384902664,0.14143927682741042,0.14101516697866837,0.4617987435845107,0.46196423087147886,F_new,100,0.0005025596727992188,3.1419093254705186,0.9987390848867278,0.9993461416042125,60,8524,0.0002346316283434735,random_reject_same_coverage,13950,0.631570707144498,0.6318468415418705,0.6108960573476703,umap,5426,0.0007371913011426923,0.3889605734767025,6,33,exact_dedup_clean,0.631570707144498,0.6318468415418707
0.9996480525574848,0.629372010103352,0.6269807018833803,0.14143927682741042,0.13962992658307816,0.4617987435845107,0.460766193714824,F_new,100,0.00020094603334175343,1.5709546627351016,0.9987390848867278,0.998986882524759,60,8524,0.00035194744251521026,random_reject_same_coverage,13950,0.631570707144498,0.630653760453421,0.6108243727598567,umap,5426,0.0005528934758569637,0.3889605734767025,7,33,exact_dedup_clean,0.631570707144498,0.6306537604534211
0.9996480525574848,0.629372010103352,0.6283972516457358,0.14143927682741042,0.1424521125937471,0.4617987435845107,0.46226761499470503,F_new,100,0.00020094603334175343,1.5709546627351016,0.9987390848867278,0.9989523541842242,60,8524,0.00035194744251521026,random_reject_same_coverage,13950,0.631570707144498,0.6320517540169763,0.6108243727598567,umap,5426,0.0005528934758569637,0.3889605734767025,8,33,exact_dedup_clean,0.631570707144498,0.6320517540169763
0.9996480525574848,0.629372010103352,0.6280993765567148,0.14143927682741042,0.1416850286991735,0.4617987435845107,0.461951403217675,F_new,100,0.00020094603334175343,1.5709546627351016,0.9987390848867278,0.9989973021393459,60,8524,0.00035194744251521026,random_reject_same_coverage,13950,0.631570707144498,0.6317651041980503,0.6108243727598567,umap,5426,0.0005528934758569637,0.3889605734767025,9,33,exact_dedup_clean,0.631570707144498,0.6317651041980503
0.9994134209291412,0.629372010103352,0.627190875749269,0.14143927682741042,0.14108114121643855,0.4617987435845107,0.4611256188926821,F_new,100,-0.00040228124557317724,0.3141909325468978,0.9987390848867278,0.9983461591511251,60,8524,0.0005865790708587948,random_reject_same_coverage,13950,0.631570707144498,0.6308624770048504,0.6106810035842294,umap,5426,0.00018429782528561756,0.3889605734767025,10,33,exact_dedup_clean,0.631570707144498,0.6308624770048503
0.9997653683716565,0.629372010103352,0.6290522607513783,0.14143927682741042,0.14174285915500237,0.4617987435845107,0.46289135442230345,F_new,100,0.0005025596727992188,3.1419093254705186,0.9987390848867278,0.9992755924030907,60,8524,0.0002346316283434735,random_reject_same_coverage,13950,0.631570707144498,0.632699341772021,0.6108960573476703,umap,5426,0.0007371913011426923,0.3889605734767025,11,33,exact_dedup_clean,0.631570707144498,0.632699341772021
0.9996480525574848,0.629372010103352,0.6264920739520529,0.14143927682741042,0.13883382995565288,0.4617987435845107,0.4602350573780234,F_new,100,0.00020094603334175343,1.5709546627351016,0.9987390848867278,0.9991058942374312,60,8524,0.00035194744251521026,random_reject_same_coverage,13950,0.631570707144498,0.6301797507320988,0.6108243727598567,umap,5426,0.0005528934758569637,0.3889605734767025,12,33,exact_dedup_clean,0.631570707144498,0.6301797507320989
0.999530736743313,0.629372010103352,0.6284035995830228,0.14143927682741042,0.14238274568697562,0.4617987435845107,0.46232564270930887,F_new,100,-0.00010066760611560088,0.7854773313676296,0.9987390848867278,0.9987391413845405,60,8524,0.000469263256686947,random_reject_same_coverage,13950,0.631570707144498,0.6320633013216087,0.610752688172043,umap,5426,0.00036859565057134613,0.3889605734767025,13,33,exact_dedup_clean,0.631570707144498,0.6320633013216088
0.9997653683716565,0.629372010103352,0.6282562622539274,0.14143927682741042,0.14075104703593203,0.4617987435845107,0.4620595936826852,F_new,100,0.0005025596727992188,3.1419093254705186,0.9987390848867278,0.9992374647234131,60,8524,0.0002346316283434735,random_reject_same_coverage,13950,0.631570707144498,0.6319143041952351,0.6108960573476703,umap,5426,0.0007371913011426923,0.3889605734767025,14,33,exact_dedup_clean,0.631570707144498,0.6319143041952351
0.999530736743313,0.629372010103352,0.6270091359636225,0.14143927682741042,0.14060853551086244,0.4617987435845107,0.4608635474692128,F_new,100,-0.00010066760611560088,0.7854773313676296,0.9987390848867278,0.998686933397383,60,8524,0.000469263256686947,random_reject_same_coverage,13950,0.631570707144498,0.6306851444609067,0.610752688172043,umap,5426,0.00036859565057134613,0.3889605734767025,15,33,exact_dedup_clean,0.631570707144498,0.6306851444609067
0.9994134209291412,0.629372010103352,0.6279497537325117,0.14143927682741042,0.1406689605908591,0.4617987435845107,0.4619207541435931,F_new,100,-0.00040228124557317724,0.3141909325468978,0.9987390848867278,0.9983601983073392,60,8524,0.0005865790708587948,random_reject_same_coverage,13950,0.631570707144498,0.6316089995354084,0.6106810035842294,umap,5426,0.00018429782528561756,0.3889605734767025,16,33,exact_dedup_clean,0.631570707144498,0.6316089995354084
0.9996480525574848,0.629372010103352,0.62739840650238,0.14143927682741042,0.1397454498969874,0.4617987435845107,0.4612285899724418,F_new,100,0.00020094603334175343,1.5709546627351016,0.9987390848867278,0.9988725463118631,60,8524,0.00035194744251521026,random_reject_same_coverage,13950,0.631570707144498,0.6310639237909557,0.6108243727598567,umap,5426,0.0005528934758569637,0.3889605734767025,17,33,exact_dedup_clean,0.631570707144498,0.6310639237909557
0.9996480525574848,0.629372010103352,0.6280911948347307,0.14143927682741042,0.14144695369862656,0.4617987435845107,0.46194559307075966,F_new,100,0.00020094603334175343,1.5709546627351016,0.9987390848867278,0.9989476044892811,60,8524,0.00035194744251521026,random_reject_same_coverage,13950,0.631570707144498,0.6317497327979039,0.6108243727598567,umap,5426,0.0005528934758569637,0.3889605734767025,18,33,exact_dedup_clean,0.631570707144498,0.6317497327979039
0.999530736743313,0.629372010103352,0.6257994961121108,0.14143927682741042,0.1403397228286861,0.4617987435845107,0.45958749268065896,F_new,100,-0.00010066760611560088,0.7854773313676296,0.9987390848867278,0.9987171717354885,60,8524,0.000469263256686947,random_reject_same_coverage,13950,0.631570707144498,0.6294952379361667,0.610752688172043,umap,5426,0.00036859565057134613,0.3889605734767025,19,33,exact_dedup_clean,0.631570707144498,0.6294952379361667
0.9996399423907826,0.6271782641818212,0.6234272327958239,0.1345299624231065,0.13236909340403136,0.4595099148443132,0.4571128998196109,F_new,100,0.00035193954279399975,1.977453423520008,0.9985171768446854,0.9990236541021722,60,8332,0.00036005760921742347,random_reject_same_coverage,13950,0.6293827398926752,0.6272304589636143,0.5970609318996416,umap,5618,0.0007119971520114232,0.40272401433691757,0,44,exact_dedup_clean,0.6293827398926753,0.6272304589636144
0.99951992318771,0.6271782641818212,0.6235017484072856,0.1345299624231065,0.13183229485443937,0.4595099148443132,0.45724058257331507,F_new,100,5.392105171853068e-05,1.1123175507296894,0.9985171768446854,0.9987258629680332,60,8332,0.000480076812290009,random_reject_same_coverage,13950,0.6293827398926752,0.6272919225755215,0.596989247311828,umap,5618,0.0005339978640085397,0.40272401433691757,1,44,exact_dedup_clean,0.6293827398926753,0.6272919225755215
0.99951992318771,0.6271782641818212,0.6251925098803585,0.1345299624231065,0.13337252934237495,0.4595099148443132,0.4590542259289715,F_new,100,5.392105171853068e-05,1.1123175507296894,0.9985171768446854,0.9985120967989227,60,8332,0.000480076812290009,random_reject_same_coverage,13950,0.6293827398926752,0.6289541553332317,0.596989247311828,umap,5618,0.0005339978640085397,0.40272401433691757,2,44,exact_dedup_clean,0.6293827398926753,0.6289541553332318
0.9993999039846375,0.6271782641818212,0.623739612723427,0.1345299624231065,0.13306453841787436,0.4595099148443132,0.45759503799101536,F_new,100,-0.00024409743935682737,0.5932360270558001,0.9985171768446854,0.9982325014024707,60,8332,0.0006000960153624835,random_reject_same_coverage,13950,0.6293827398926752,0.6275279551222559,0.5969175627240143,umap,5618,0.0003559985760056561,0.40272401433691757,3,44,exact_dedup_clean,0.6293827398926753,0.6275279551222559
0.999279884781565,0.6271782641818212,0.6247042941501177,0.1345299624231065,0.1323537413053142,0.4595099148443132,0.45863029252609583,F_new,100,-0.0005421159304320744,0.24718167794000143,0.9985171768446854,0.998078707173149,60,8332,0.000720115218434958,random_reject_same_coverage,13950,0.6293827398926752,0.6284702428960028,0.5968458781362007,umap,5618,0.00017799928800288356,0.40272401433691757,4,44,exact_dedup_clean,0.6293827398926753,0.6284702428960028
0.99951992318771,0.6271782641818212,0.6244751058875136,0.1345299624231065,0.13362321272573396,0.4595099148443132,0.45827422257330175,F_new,100,5.392105171853068e-05,1.1123175507296894,0.9985171768446854,0.9986559260578143,60,8332,0.000480076812290009,random_reject_same_coverage,13950,0.6293827398926752,0.6282501169494863,0.596989247311828,umap,5618,0.0005339978640085397,0.40272401433691757,5,44,exact_dedup_clean,0.6293827398926753,0.6282501169494863
0.999279884781565,0.6271782641818212,0.6268458793048632,0.1345299624231065,0.1349342286906994,0.4595099148443132,0.4608543707629047,F_new,100,-0.0005421159304320744,0.24718167794000143,0.9985171768446854,0.9981509854091586,60,8332,0.000720115218434958,random_reject_same_coverage,13950,0.6293827398926752,0.6305696443966475,0.5968458781362007,umap,5618,0.00017799928800288356,0.40272401433691757,6,44,exact_dedup_clean,0.6293827398926753,0.6305696443966476
0.99951992318771,0.6271782641818212,0.6249630246286567,0.1345299624231065,0.13271476119400133,0.4595099148443132,0.45877984570012825,F_new,100,5.392105171853068e-05,1.1123175507296894,0.9985171768446854,0.9986522777185936,60,8332,0.000480076812290009,random_reject_same_coverage,13950,0.6293827398926752,0.628724357749301,0.596989247311828,umap,5618,0.0005339978640085397,0.40272401433691757,7,44,exact_dedup_clean,0.6293827398926753,0.6287243577493011
0.9993999039846375,0.6271782641818212,0.6242520048305842,0.1345299624231065,0.13317844333830614,0.4595099148443132,0.4581267348778029,F_new,100,-0.00024409743935682737,0.5932360270558001,0.9985171768446854,0.998255605426583,60,8332,0.0006000960153624835,random_reject_same_coverage,13950,0.6293827398926752,0.6280323077688003,0.5969175627240143,umap,5618,0.0003559985760056561,0.40272401433691757,8,44,exact_dedup_clean,0.6293827398926753,0.6280323077688003
0.9996399423907826,0.6271782641818212,0.6260734677252293,0.1345299624231065,0.1348520210007428,0.4595099148443132,0.4599132106123056,F_new,100,0.00035193954279399975,1.977453423520008,0.9985171768446854,0.9988748597899646,60,8332,0.00036005760921742347,random_reject_same_coverage,13950,0.6293827398926752,0.6298320545481811,0.5970609318996416,umap,5618,0.0007119971520114232,0.40272401433691757,9,44,exact_dedup_clean,0.6293827398926753,0.629832054548181
0.9993999039846375,0.6271782641818212,0.6237470632717489,0.1345299624231065,0.1330982977552146,0.4595099148443132,0.4575946136191775,F_new,100,-0.00024409743935682737,0.5932360270558001,0.9985171768446854,0.9982489024406489,60,8332,0.0006000960153624835,random_reject_same_coverage,13950,0.6293827398926752,0.6275307967773719,0.5969175627240143,umap,5618,0.0003559985760056561,0.40272401433691757,10,44,exact_dedup_clean,0.6293827398926753,0.6275307967773719
0.9996399423907826,0.6271782641818212,0.6283444929653605,0.1345299624231065,0.1369869298854805,0.4595099148443132,0.46229031347851735,F_new,100,0.00035193954279399975,1.977453423520008,0.9985171768446854,0.9989284763302005,60,8332,0.00036005760921742347,random_reject_same_coverage,13950,0.6293827398926752,0.6320681908638169,0.5970609318996416,umap,5618,0.0007119971520114232,0.40272401433691757,11,44,exact_dedup_clean,0.6293827398926753,0.6320681908638168
0.9993999039846375,0.6271782641818212,0.6252547604436797,0.1345299624231065,0.13453566949490497,0.4595099148443132,0.45915395551140464,F_new,100,-0.00024409743935682737,0.5932360270558001,0.9985171768446854,0.9983680591590874,60,8332,0.0006000960153624835,random_reject_same_coverage,13950,0.6293827398926752,0.6290191692545686,0.5969175627240143,umap,5618,0.0003559985760056561,0.40272401433691757,12,44,exact_dedup_clean,0.6293827398926753,0.6290191692545686
0.999279884781565,0.6271782641818212,0.6260903105208937,0.1345299624231065,0.1344914678797927,0.4595099148443132,0.46011548653497775,F_new,100,-0.0005421159304320744,0.24718167794000143,0.9985171768446854,0.9979592474001111,60,8332,0.000720115218434958,random_reject_same_coverage,13950,0.6293827398926752,0.6298394642918546,0.5968458781362007,umap,5618,0.00017799928800288356,0.40272401433691757,13,44,exact_dedup_clean,0.6293827398926753,0.6298394642918546
0.9993999039846375,0.6271782641818212,0.6237307973186568,0.1345299624231065,0.1323944855749063,0.4595099148443132,0.4575460830597403,F_new,100,-0.00024409743935682737,0.5932360270558001,0.9985171768446854,0.9983945938179228,60,8332,0.0006000960153624835,random_reject_same_coverage,13950,0.6293827398926752,0.627513940649101,0.5969175627240143,umap,5618,0.0003559985760056561,0.40272401433691757,14,44,exact_dedup_clean,0.6293827398926753,0.627513940649101
0.99951992318771,0.6271782641818212,0.6249900122108544,0.1345299624231065,0.1337248549809987,0.4595099148443132,0.45878998030998563,F_new,100,5.392105171853068e-05,1.1123175507296894,0.9985171768446854,0.9987747241499412,60,8332,0.000480076812290009,random_reject_same_coverage,13950,0.6293827398926752,0.6287581396897924,0.596989247311828,umap,5618,0.0005339978640085397,0.40272401433691757,15,44,exact_dedup_clean,0.6293827398926753,0.6287581396897924
0.9996399423907826,0.6271782641818212,0.623626944264991,0.1345299624231065,0.13273492839200057,0.4595099148443132,0.4573366558267928,F_new,100,0.00035193954279399975,1.977453423520008,0.9985171768446854,0.9989095294419944,60,8332,0.00036005760921742347,random_reject_same_coverage,13950,0.6293827398926752,0.6274185619022871,0.5970609318996416,umap,5618,0.0007119971520114232,0.40272401433691757,16,44,exact_dedup_clean,0.6293827398926753,0.6274185619022871
0.9993999039846375,0.6271782641818212,0.6260371558088712,0.1345299624231065,0.13514709405848102,0.4595099148443132,0.4600020710436414,F_new,100,-0.00024409743935682737,0.5932360270558001,0.9985171768446854,0.9982557596005239,60,8332,0.0006000960153624835,random_reject_same_coverage,13950,0.6293827398926752,0.6297922180807206,0.5969175627240143,umap,5618,0.0003559985760056561,0.40272401433691757,17,44,exact_dedup_clean,0.6293827398926753,0.6297922180807206
0.99951992318771,0.6271782641818212,0.6241278971222257,0.1345299624231065,0.13273798484655958,0.4595099148443132,0.4579154237651512,F_new,100,5.392105171853068e-05,1.1123175507296894,0.9985171768446854,0.9986221387482271,60,8332,0.000480076812290009,random_reject_same_coverage,13950,0.6293827398926752,0.6279061956453401,0.596989247311828,umap,5618,0.0005339978640085397,0.40272401433691757,18,44,exact_dedup_clean,0.6293827398926753,0.6279061956453401
0.9993999039846375,0.6271782641818212,0.62591300683702,0.1345299624231065,0.13556169325604478,0.4595099148443132,0.4598663909482949,F_new,100,-0.00024409743935682737,0.5932360270558001,0.9985171768446854,0.9982837322024364,60,8332,0.0006000960153624835,random_reject_same_coverage,13950,0.6293827398926752,0.6296706076852596,0.5969175627240143,umap,5618,0.0003559985760056561,0.40272401433691757,19,44,exact_dedup_clean,0.6293827398926753,0.6296706076852596
0.9997576932396414,0.6293632252280112,0.628373115160573,0.13984434850445734,0.1397086167229199,0.4617883822402967,0.4623061943520443,F_new,100,0.0004599404306525612,2.8981741573029565,0.9987510136773784,0.99927624905836,60,8254,0.00024230676035863485,random_reject_same_coverage,13950,0.631563402063726,0.632152639615194,0.5915412186379928,umap,5696,0.000702247191011196,0.40831541218637996,0,55,exact_dedup_clean,0.631563402063726,0.632152639615194
0.9995153864792827,0.6293632252280112,0.6264915950851607,0.13984434850445734,0.13797668171742028,0.4617883822402967,0.4604058243740217,F_new,100,-0.0001334899252116717,0.7245435393257391,0.9987510136773784,0.9988623959200642,60,8254,0.0004846135207172697,random_reject_same_coverage,13950,0.631563402063726,0.6302913452567448,0.5913978494623656,umap,5696,0.000351123595505598,0.40831541218637996,1,55,exact_dedup_clean,0.631563402063726,0.6302913452567448
0.9995153864792827,0.6293632252280112,0.6281090978297016,0.13984434850445734,0.1407993916226019,0.4617883822402967,0.4621335442476003,F_new,100,-0.0001334899252116717,0.7245435393257391,0.9987510136773784,0.9987466116757665,60,8254,0.0004846135207172697,random_reject_same_coverage,13950,0.631563402063726,0.6318852502548681,0.5913978494623656,umap,5696,0.000351123595505598,0.40831541218637996,2,55,exact_dedup_clean,0.631563402063726,0.6318852502548681
0.9998788466198207,0.6293632252280112,0.6305131460625525,0.13984434850445734,0.14229821816252788,0.4617883822402967,0.46450499386501515,F_new,100,0.0007566556085847331,7.245435393260712,0.9987510136773784,0.999604644368177,60,8254,0.00012115338017926192,random_reject_same_coverage,13950,0.631563402063726,0.6342712827981904,0.5916129032258064,umap,5696,0.000877808988763995,0.40831541218637996,3,55,exact_dedup_clean,0.631563402063726,0.6342712827981904
0.9997576932396414,0.6293632252280112,0.6267876786817385,0.13984434850445734,0.13874338085255405,0.4617883822402967,0.46062783932656476,F_new,100,0.0004599404306525612,2.8981741573029565,0.9987510136773784,0.9993310154383285,60,8254,0.00024230676035863485,random_reject_same_coverage,13950,0.631563402063726,0.6305926840486302,0.5915412186379928,umap,5696,0.000702247191011196,0.40831541218637996,4,55,exact_dedup_clean,0.631563402063726,0.6305926840486302
0.9993942330991035,0.6293632252280112,0.6270088780079981,0.13984434850445734,0.13898041612039866,0.4617883822402967,0.461070708269627,F_new,100,-0.0004302051031437326,0.2898174157303222,0.9987510136773784,0.9983185054193764,60,8254,0.0006057669008965316,random_reject_same_coverage,13950,0.631563402063726,0.6308055672261211,0.5913261648745519,umap,5696,0.000175561797752799,0.40831541218637996,5,55,exact_dedup_clean,0.631563402063726,0.630805567226121
0.9996365398594621,0.6293632252280112,0.6276691606887033,0.13984434850445734,0.13976885456105667,0.4617883822402967,0.4616203649332807,F_new,100,0.00016322525272050026,1.4490870786516996,0.9987510136773784,0.999076071376695,60,8254,0.00036346014053789677,random_reject_same_coverage,13950,0.631563402063726,0.6314711930564989,0.5914695340501792,umap,5696,0.000526685393258397,0.40831541218637996,6,55,exact_dedup_clean,0.631563402063726,0.6314711930564989
0.9996365398594621,0.6293632252280112,0.6290651771148732,0.13984434850445734,0.14071458162881675,0.4617883822402967,0.4630990158218455,F_new,100,0.00016322525272050026,1.4490870786516996,0.9987510136773784,0.9989826162769827,60,8254,0.00036346014053789677,random_reject_same_coverage,13950,0.631563402063726,0.6328345234142605,0.5914695340501792,umap,5696,0.000526685393258397,0.40831541218637996,7,55,exact_dedup_clean,0.631563402063726,0.6328345234142605
0.9993942330991035,0.6293632252280112,0.6265736866791127,0.13984434850445734,0.1379176453676872,0.4617883822402967,0.46060881598292763,F_new,100,-0.0004302051031437326,0.2898174157303222,0.9987510136773784,0.998336044594017,60,8254,0.0006057669008965316,random_reject_same_coverage,13950,0.631563402063726,0.6303766453129465,0.5913261648745519,umap,5696,0.000175561797752799,0.40831541218637996,8,55,exact_dedup_clean,0.631563402063726,0.6303766453129465
0.9993942330991035,0.6293632252280112,0.6298331118743262,0.13984434850445734,0.1418851931779499,0.4617883822402967,0.4640467568651505,F_new,100,-0.0004302051031437326,0.2898174157303222,0.9987510136773784,0.9983337860987963,60,8254,0.0006057669008965316,random_reject_same_coverage,13950,0.631563402063726,0.6335882379412576,0.5913261648745519,umap,5696,0.000175561797752799,0.40831541218637996,9,55,exact_dedup_clean,0.631563402063726,0.6335882379412576
0.9996365398594621,0.6293632252280112,0.6266012906438317,0.13984434850445734,0.1381508286085041,0.4617883822402967,0.46050692777743846,F_new,100,0.00016322525272050026,1.4490870786516996,0.9987510136773784,0.9989934391117334,60,8254,0.00036346014053789677,random_reject_same_coverage,13950,0.631563402063726,0.6304121738533219,0.5914695340501792,umap,5696,0.000526685393258397,0.40831541218637996,10,55,exact_dedup_clean,0.631563402063726,0.6304121738533219
0.9992730797189242,0.6293632252280112,0.626968919432839,0.13984434850445734,0.13932432462013128,0.4617883822402967,0.46106702607834876,F_new,100,-0.0007269202810757935,0.0,0.9987510136773784,0.998103201467325,60,8254,0.0007269202810757935,random_reject_same_coverage,13950,0.631563402063726,0.6307591343799043,0.5912544802867383,umap,5696,0.0,0.40831541218637996,11,55,exact_dedup_clean,0.631563402063726,0.6307591343799042
0.9997576932396414,0.6293632252280112,0.6298367998041564,0.13984434850445734,0.14192010609566744,0.4617883822402967,0.46384720240003274,F_new,100,0.0004599404306525612,2.8981741573029565,0.9987510136773784,0.9993262541355106,60,8254,0.00024230676035863485,random_reject_same_coverage,13950,0.631563402063726,0.6336018264891214,0.5915412186379928,umap,5696,0.000702247191011196,0.40831541218637996,12,55,exact_dedup_clean,0.631563402063726,0.6336018264891214
0.9995153864792827,0.6293632252280112,0.6281100257668293,0.13984434850445734,0.14004983843676258,0.4617883822402967,0.46216137737825574,F_new,100,-0.0001334899252116717,0.7245435393257391,0.9987510136773784,0.9986688888473272,60,8254,0.0004846135207172697,random_reject_same_coverage,13950,0.631563402063726,0.6318957101114996,0.5913978494623656,umap,5696,0.000351123595505598,0.40831541218637996,13,55,exact_dedup_clean,0.631563402063726,0.6318957101114997
0.9996365398594621,0.6293632252280112,0.6266354493763274,0.13984434850445734,0.1382886128388553,0.4617883822402967,0.46053672417773034,F_new,100,0.00016322525272050026,1.4490870786516996,0.9987510136773784,0.9989955838998908,60,8254,0.00036346014053789677,random_reject_same_coverage,13950,0.631563402063726,0.6304405200639203,0.5914695340501792,umap,5696,0.000526685393258397,0.40831541218637996,14,55,exact_dedup_clean,0.631563402063726,0.6304405200639203
0.9997576932396414,0.6293632252280112,0.6294681846305052,0.13984434850445734,0.14145741722506944,0.4617883822402967,0.4634681216095314,F_new,100,0.0004599404306525612,2.8981741573029565,0.9987510136773784,0.9992722352673389,60,8254,0.00024230676035863485,random_reject_same_coverage,13950,0.631563402063726,0.6332372299411391,0.5915412186379928,umap,5696,0.000702247191011196,0.40831541218637996,15,55,exact_dedup_clean,0.631563402063726,0.6332372299411391
0.9993942330991035,0.6293632252280112,0.6284314295688332,0.13984434850445734,0.14040787500415675,0.4617883822402967,0.46255261440927514,F_new,100,-0.0004302051031437326,0.2898174157303222,0.9987510136773784,0.9984589950426535,60,8254,0.0006057669008965316,random_reject_same_coverage,13950,0.631563402063726,0.632219231592126,0.5913261648745519,umap,5696,0.000175561797752799,0.40831541218637996,16,55,exact_dedup_clean,0.631563402063726,0.6322192315921261
0.9996365398594621,0.6293632252280112,0.6281278241900733,0.13984434850445734,0.1405494393279481,0.4617883822402967,0.46211403269977014,F_new,100,0.00016322525272050026,1.4490870786516996,0.9987510136773784,0.9989878090245085,60,8254,0.00036346014053789677,random_reject_same_coverage,13950,0.631563402063726,0.6319152736149103,0.5914695340501792,umap,5696,0.000526685393258397,0.40831541218637996,17,55,exact_dedup_clean,0.631563402063726,0.6319152736149103
0.9992730797189242,0.6293632252280112,0.6265699361017228,0.13984434850445734,0.138035448695941,0.4617883822402967,0.46064959509834863,F_new,100,-0.0007269202810757935,0.0,0.9987510136773784,0.9981133570236657,60,8254,0.0007269202810757935,random_reject_same_coverage,13950,0.631563402063726,0.6303704287339866,0.5912544802867383,umap,5696,0.0,0.40831541218637996,18,55,exact_dedup_clean,0.631563402063726,0.6303704287339866
0.9993942330991035,0.6293632252280112,0.6266383135087329,0.13984434850445734,0.1383718043309754,0.4617883822402967,0.4606777894546766,F_new,100,-0.0004302051031437326,0.2898174157303222,0.9987510136773784,0.9983327996204829,60,8254,0.0006057669008965316,random_reject_same_coverage,13950,0.631563402063726,0.6304405885920145,0.5913261648745519,umap,5696,0.000175561797752799,0.40831541218637996,19,55,exact_dedup_clean,0.631563402063726,0.6304405885920145
0.990618691366821,0.7978337699906715,0.7979641487961842,0.46521544790525254,0.46446478463603436,0.6717817163760255,0.6722274277133977,V_new,100,0.00010860833004755488,1.011577098067474,0.9858762613443293,0.9860668480154929,60,16842,0.009381308633178986,random_reject_same_coverage,20214,0.7990715284839064,0.7994493986943989,0.8253685564460275,umap,3372,0.009489916963226541,0.1668150786583556,0,11,exact_dedup_clean,0.7990715284839064,0.799449398694399
0.9903218145113407,0.7978337699906715,0.7981459522400728,0.46521544790525254,0.46666269436908164,0.6717817163760255,0.6727017715469124,V_new,100,-0.0016710680509368636,0.8273366373381674,0.9858762613443293,0.9855928960904471,60,16842,0.009678185488659286,random_reject_same_coverage,20214,0.7990715284839064,0.7996287995892953,0.8251212031265459,umap,3372,0.008007117437722422,0.1668150786583556,1,11,exact_dedup_clean,0.7990715284839064,0.7996287995892956
0.9910343189644936,0.7978337699906715,0.7975531750370215,0.46521544790525254,0.46263456610731024,0.6717817163760255,0.6712909345166247,V_new,100,0.0026001552634259406,1.290012019514039,0.9858762613443293,0.9868414342557936,60,16842,0.008965681035506434,random_reject_same_coverage,20214,0.7990715284839064,0.7990408016842971,0.8257148510933017,umap,3372,0.011565836298932375,0.1668150786583556,2,11,exact_dedup_clean,0.7990715284839064,0.7990408016842973
0.9903218145113407,0.7978337699906715,0.7968833121718305,0.46521544790525254,0.46270077418634004,0.6717817163760255,0.6707719613164635,V_new,100,-0.0016710680509368636,0.8273366373381674,0.9858762613443293,0.9859318344793869,60,16842,0.009678185488659286,random_reject_same_coverage,20214,0.7990715284839064,0.7983749805080681,0.8251212031265459,umap,3372,0.008007117437722422,0.1668150786583556,3,11,exact_dedup_clean,0.7990715284839064,0.7983749805080682
0.9908561928512053,0.7978337699906715,0.7970153121616386,0.46521544790525254,0.46400449732576665,0.6717817163760255,0.6710552907383485,V_new,100,0.0015323494348351563,1.1675833063733354,0.9858762613443293,0.9857159954337534,60,16842,0.009143807148794703,random_reject_same_coverage,20214,0.7990715284839064,0.7985048261302687,0.8255664391016128,umap,3372,0.010676156583629859,0.1668150786583556,4,11,exact_dedup_clean,0.7990715284839064,0.7985048261302687
0.9907374421090132,0.7978337699906715,0.7977441271448122,0.46521544790525254,0.46377619196149183,0.6717817163760255,0.671638943443784,V_new,100,0.0008204788824414111,1.0885801624235782,0.9858762613443293,0.9866629880130606,60,16842,0.009262557890986844,random_reject_same_coverage,20214,0.7990715284839064,0.7992287462657697,0.8254674977738201,umap,3372,0.010083036773428256,0.1668150786583556,5,11,exact_dedup_clean,0.7990715284839064,0.7992287462657695
0.9907968174801093,0.7978337699906715,0.7980741661680792,0.46521544790525254,0.46545973766168297,0.6717817163760255,0.672315135841471,V_new,100,0.0011764141586383392,1.1278268855470128,0.9858762613443293,0.9862012522728366,60,16842,0.009203182519890718,random_reject_same_coverage,20214,0.7990715284839064,0.7995555951577891,0.8255169684377164,umap,3372,0.010379596678529057,0.1668150786583556,6,11,exact_dedup_clean,0.7990715284839064,0.7995555951577891
0.9903218145113407,0.7978337699906715,0.7970980341829209,0.46521544790525254,0.4642746059717785,0.6717817163760255,0.6712770974229314,V_new,100,-0.0016710680509368636,0.8273366373381674,0.9858762613443293,0.9854914441141706,60,16842,0.009678185488659286,random_reject_same_coverage,20214,0.7990715284839064,0.7985881184421063,0.8251212031265459,umap,3372,0.008007117437722422,0.1668150786583556,7,11,exact_dedup_clean,0.7990715284839064,0.7985881184421063
0.9909749435933974,0.7978337699906715,0.7982203157803369,0.46521544790525254,0.4656958260339489,0.6717817163760255,0.6723096248485773,V_new,100,0.0022442199872290125,1.2486654804270456,0.9858762613443293,0.9866609833777517,60,16842,0.00902505640660256,random_reject_same_coverage,20214,0.7990715284839064,0.7997027461464543,0.8256653804294054,umap,3372,0.011269276393831573,0.1668150786583556,8,11,exact_dedup_clean,0.7990715284839064,0.7997027461464544
0.9910936943355896,0.7978337699906715,0.7973136419874969,0.46521544790525254,0.46259828313756685,0.6717817163760255,0.6710900750225425,V_new,100,0.0029560905396227577,1.3319098457888425,0.9858762613443293,0.9865492746953637,60,16842,0.008906305664410419,random_reject_same_coverage,20214,0.7990715284839064,0.798802739427506,0.8257643217571979,umap,3372,0.011862396204033177,0.1668150786583556,9,11,exact_dedup_clean,0.7990715284839064,0.7988027394275059
0.9903811898824367,0.7978337699906715,0.79753466653014,0.46521544790525254,0.46559383116867753,0.6717817163760255,0.671735613783344,V_new,100,-0.0013151327747400465,0.8632749000483223,0.9858762613443293,0.9858227834054686,60,16842,0.00961881011756327,random_reject_same_coverage,20214,0.7990715284839064,0.7990213480449032,0.8251706737904423,umap,3372,0.008303677342823224,0.1668150786583556,10,11,exact_dedup_clean,0.7990715284839064,0.7990213480449032
0.9904999406246289,0.7978337699906715,0.79756256036422,0.46521544790525254,0.46603305735993406,0.6717817163760255,0.671884464026588,V_new,100,-0.0006032622223461903,0.9364991103202843,0.9858762613443293,0.9855909856065923,60,16842,0.009500059375371128,random_reject_same_coverage,20214,0.7990715284839064,0.7990504731280039,0.8252696151182349,umap,3372,0.008896797153024938,0.1668150786583556,11,11,exact_dedup_clean,0.7990715284839064,0.7990504731280039
0.9903218145113407,0.7978337699906715,0.7963025177478953,0.46521544790525254,0.46231998580092915,0.6717817163760255,0.6702308268875203,V_new,100,-0.0016710680509368636,0.8273366373381674,0.9858762613443293,0.9853423738200117,60,16842,0.009678185488659286,random_reject_same_coverage,20214,0.7990715284839064,0.7977984104725356,0.8251212031265459,umap,3372,0.008007117437722422,0.1668150786583556,12,11,exact_dedup_clean,0.7990715284839064,0.7977984104725356
0.9904405652535329,0.7978337699906715,0.7978229653937146,0.46521544790525254,0.46459721315464214,0.6717817163760255,0.6719408025346387,V_new,100,-0.0009591974985431184,0.8996596008045762,0.9858762613443293,0.9862534852806597,60,16842,0.009559434746467144,random_reject_same_coverage,20214,0.7990715284839064,0.7993079740676174,0.8252201444543386,umap,3372,0.008600237247924025,0.1668150786583556,13,11,exact_dedup_clean,0.7990715284839064,0.7993079740676174
0.9906780667379171,0.7978337699906715,0.798445301204794,0.46521544790525254,0.4683925428733027,0.6717817163760255,0.6730024362383303,V_new,100,0.000464543606244594,1.0498333975565062,0.9858762613443293,0.9858502636931966,60,16842,0.00932193326208286,random_reject_same_coverage,20214,0.7990715284839064,0.7999259117570938,0.8254180271099238,umap,3372,0.009786476868327454,0.1668150786583556,14,11,exact_dedup_clean,0.7990715284839064,0.7999259117570937
0.9903811898824367,0.7978337699906715,0.7969573204431133,0.46521544790525254,0.4628513963977144,0.6717817163760255,0.6709316686983251,V_new,100,-0.0013151327747400465,0.8632749000483223,0.9858762613443293,0.9858070799668862,60,16842,0.00961881011756327,random_reject_same_coverage,20214,0.7990715284839064,0.7984471778784498,0.8251706737904423,umap,3372,0.008303677342823224,0.1668150786583556,15,11,exact_dedup_clean,0.7990715284839064,0.7984471778784498
0.9903218145113407,0.7978337699906715,0.7971204409546896,0.46521544790525254,0.4646911185309648,0.6717817163760255,0.6713061153122082,V_new,100,-0.0016710680509368636,0.8273366373381674,0.9858762613443293,0.9854891739065668,60,16842,0.009678185488659286,random_reject_same_coverage,20214,0.7990715284839064,0.7986079068698955,0.8251212031265459,umap,3372,0.008007117437722422,0.1668150786583556,16,11,exact_dedup_clean,0.7990715284839064,0.7986079068698955
0.9903218145113407,0.7978337699906715,0.7975734049033175,0.46521544790525254,0.4652601627110767,0.6717817163760255,0.671747079881191,V_new,100,-0.0016710680509368636,0.8273366373381674,0.9858762613443293,0.9859169452602905,60,16842,0.009678185488659286,random_reject_same_coverage,20214,0.7990715284839064,0.7990603873151655,0.8251212031265459,umap,3372,0.008007117437722422,0.1668150786583556,17,11,exact_dedup_clean,0.7990715284839064,0.7990603873151655
0.9904999406246289,0.7978337699906715,0.7963628385637832,0.46521544790525254,0.4617082675021868,0.6717817163760255,0.6700529258665554,V_new,100,-0.0006032622223461903,0.9364991103202843,0.9858762613443293,0.9859124224924171,60,16842,0.009500059375371128,random_reject_same_coverage,20214,0.7990715284839064,0.7978590904621066,0.8252696151182349,umap,3372,0.008896797153024938,0.1668150786583556,18,11,exact_dedup_clean,0.7990715284839064,0.7978590904621065
0.990559315995725,0.7978337699906715,0.7974393015121056,0.46521544790525254,0.46500903729784576,0.6717817163760255,0.6715913117942618,V_new,100,-0.0002473269461492622,0.9738020098927932,0.9858762613443293,0.9858448507775724,60,16842,0.009440684004275002,random_reject_same_coverage,20214,0.7990715284839064,0.7989265004716379,0.8253190857821312,umap,3372,0.00919335705812574,0.1668150786583556,19,11,exact_dedup_clean,0.7990715284839064,0.7989265004716379
0.9903708373932482,0.7947330282992724,0.7949010168561238,0.46028043094895493,0.4623058486998928,0.667325275836912,0.6679832297917631,V_new,100,-0.002401117792873997,0.7506410587364715,0.9860959920853973,0.9857792399796241,60,17447,0.00962916260675184,random_reject_same_coverage,20214,0.7959819952563734,0.7963465281374855,0.8548036014643317,umap,2767,0.007228044813877843,0.13688532700108835,0,22,exact_dedup_clean,0.7959819952563733,0.7963465281374856
0.9905427867255115,0.7947330282992724,0.7948166360001914,0.46028043094895493,0.46142917433907943,0.667325275836912,0.6678013400588062,V_new,100,-0.00114496173852896,0.8789324396841529,0.9860959920853973,0.9859159926684719,60,17447,0.009457213274488452,random_reject_same_coverage,20214,0.7959819952563734,0.7962618617579583,0.8549520134560206,umap,2767,0.008312251535959492,0.13688532700108835,1,22,exact_dedup_clean,0.7959819952563733,0.7962618617579582
0.9905427867255115,0.7947330282992724,0.7941631830389201,0.46028043094895493,0.45955409114538603,0.667325275836912,0.6670263842105693,V_new,100,-0.00114496173852896,0.8789324396841529,0.9860959920853973,0.9856192417302873,60,17447,0.009457213274488452,random_reject_same_coverage,20214,0.7959819952563734,0.7956140490136078,0.8549520134560206,umap,2767,0.008312251535959492,0.13688532700108835,2,22,exact_dedup_clean,0.7959819952563733,0.7956140490136077
0.9907147360577749,0.7947330282992724,0.7934845883635596,0.46028043094895493,0.4570647225635325,0.667325275836912,0.6658338838318888,V_new,100,0.00011119431581618766,1.0119753532595372,0.9860959920853973,0.9861535736767031,60,17447,0.009285263942225064,random_reject_same_coverage,20214,0.7959819952563734,0.7949388005719056,0.8551004254477095,umap,2767,0.009396458258041251,0.13688532700108835,3,22,exact_dedup_clean,0.7959819952563733,0.7949388005719055
0.9907147360577749,0.7947330282992724,0.7936438257917354,0.46028043094895493,0.4580814331769584,0.667325275836912,0.6660934738765767,V_new,100,0.00011119431581618766,1.0119753532595372,0.9860959920853973,0.986071938353564,60,17447,0.009285263942225064,random_reject_same_coverage,20214,0.7959819952563734,0.7950972439539763,0.8551004254477095,umap,2767,0.009396458258041251,0.13688532700108835,4,22,exact_dedup_clean,0.7959819952563733,0.7950972439539763
0.9906574196136871,0.7947330282992724,0.7938399069140623,0.46028043094895493,0.45780215578957417,0.667325275836912,0.6662976803053858,V_new,100,-0.00030752436896552826,0.9670835726052666,0.9860959920853973,0.9862311384717359,60,17447,0.00934258038631286,random_reject_same_coverage,20214,0.7959819952563734,0.7952944751607196,0.8550509547838132,umap,2767,0.009035056017347332,0.13688532700108835,5,22,exact_dedup_clean,0.7959819952563733,0.7952944751607195
0.9910586347223018,0.7947330282992724,0.79533566004441,0.46028043094895493,0.46031117369613167,0.667325275836912,0.6680066752058981,V_new,100,0.002623506424506372,1.2934122858228374,0.9860959920853973,0.9870520977986301,60,17447,0.008941365277698177,random_reject_same_coverage,20214,0.7959819952563734,0.7967782182242369,0.8553972494310874,umap,2767,0.011564871702204549,0.13688532700108835,6,22,exact_dedup_clean,0.7959819952563733,0.7967782182242369
0.991001318278214,0.7947330282992724,0.7950447055611028,0.46028043094895493,0.4591108235278797,0.667325275836912,0.667637313923024,V_new,100,0.0022047877397246562,1.2450123037896568,0.9860959920853973,0.9869701167623012,60,17447,0.008998681721785973,random_reject_same_coverage,20214,0.7959819952563734,0.7964887204749821,0.855347778767191,umap,2767,0.011203469461510629,0.13688532700108835,7,22,exact_dedup_clean,0.7959819952563733,0.796488720474982
0.9911159511663896,0.7947330282992724,0.795869615507324,0.46028043094895493,0.4637127630835169,0.667325275836912,0.6689902525173591,V_new,100,0.003042225109288088,1.3424367837532205,0.9860959920853973,0.9865380450481105,60,17447,0.00888404883361038,random_reject_same_coverage,20214,0.7959819952563734,0.7973096404878787,0.8554467200949837,umap,2767,0.011926273942898469,0.13688532700108835,8,22,exact_dedup_clean,0.7959819952563733,0.7973096404878788
0.9906574196136871,0.7947330282992724,0.7941606290121703,0.46028043094895493,0.4577258726317052,0.667325275836912,0.6668280325449446,V_new,100,-0.00030752436896552826,0.9670835726052666,0.9860959920853973,0.9860434286471325,60,17447,0.00934258038631286,random_reject_same_coverage,20214,0.7959819952563734,0.7956110501834475,0.8550509547838132,umap,2767,0.009035056017347332,0.13688532700108835,9,22,exact_dedup_clean,0.7959819952563733,0.7956110501834474
0.9910586347223018,0.7947330282992724,0.7944167476119223,0.46028043094895493,0.4588624515663274,0.667325275836912,0.6669927789640688,V_new,100,0.002623506424506372,1.2934122858228374,0.9860959920853973,0.9864662129773153,60,17447,0.008941365277698177,random_reject_same_coverage,20214,0.7959819952563734,0.7958659319096384,0.8553972494310874,umap,2767,0.011564871702204549,0.13688532700108835,10,22,exact_dedup_clean,0.7959819952563733,0.7958659319096384
0.9903135209491604,0.7947330282992724,0.7945601894786364,0.46028043094895493,0.4615038475421143,0.667325275836912,0.6675875451993857,V_new,100,-0.0028198364776557128,0.7088894258836718,0.9860959920853973,0.985605522133412,60,17447,0.009686479050839636,random_reject_same_coverage,20214,0.7959819952563734,0.7960086260433711,0.8547541308004354,umap,2767,0.006866642573183923,0.13688532700108835,11,22,exact_dedup_clean,0.7959819952563733,0.7960086260433711
0.9907147360577749,0.7947330282992724,0.7939561713710206,0.46028043094895493,0.45896852313396447,0.667325275836912,0.6665673220451875,V_new,100,0.00011119431581618766,1.0119753532595372,0.9860959920853973,0.9859902130138354,60,17447,0.009285263942225064,random_reject_same_coverage,20214,0.7959819952563734,0.7954081378811693,0.8551004254477095,umap,2767,0.009396458258041251,0.13688532700108835,12,22,exact_dedup_clean,0.7959819952563733,0.7954081378811693
0.990428153837336,0.7947330282992724,0.7943275830476428,0.46028043094895493,0.4596896300246739,0.667325275836912,0.6671185093599524,V_new,100,-0.001982399108092281,0.7928927111443945,0.9860959920853973,0.9859176531782996,60,17447,0.009571846162664044,random_reject_same_coverage,20214,0.7959819952563734,0.7957768015553014,0.8548530721282279,umap,2767,0.007589447054571763,0.13688532700108835,13,22,exact_dedup_clean,0.7959819952563733,0.7957768015553014
0.9912305840545652,0.7947330282992724,0.795731228964293,0.46028043094895493,0.46300131126000194,0.667325275836912,0.6687075802190657,V_new,100,0.003879662478851409,1.4424083089445765,0.9860959920853973,0.98673023018787,60,17447,0.008769415945434789,random_reject_same_coverage,20214,0.7959819952563734,0.7971715764976197,0.8555456614227763,umap,2767,0.012649078424286198,0.13688532700108835,14,22,exact_dedup_clean,0.7959819952563733,0.7971715764976196
0.9906574196136871,0.7947330282992724,0.7938844298860076,0.46028043094895493,0.458494645689881,0.667325275836912,0.6665444243780759,V_new,100,-0.00030752436896552826,0.9670835726052666,0.9860959920853973,0.9858219712350493,60,17447,0.00934258038631286,random_reject_same_coverage,20214,0.7959819952563734,0.7953370875862014,0.8550509547838132,umap,2767,0.009035056017347332,0.13688532700108835,15,22,exact_dedup_clean,0.7959819952563733,0.7953370875862015
0.991001318278214,0.7947330282992724,0.7949714040864267,0.46028043094895493,0.4611732608502557,0.667325275836912,0.6677461042334725,V_new,100,0.0022047877397246562,1.2450123037896568,0.9860959920853973,0.9865037324640128,60,17447,0.008998681721785973,random_reject_same_coverage,20214,0.7959819952563734,0.7964141927675316,0.855347778767191,umap,2767,0.011203469461510629,0.13688532700108835,16,22,exact_dedup_clean,0.7959819952563733,0.7964141927675317
0.9904854702814238,0.7947330282992724,0.7945231922371927,0.46028043094895493,0.45963004847531214,0.667325275836912,0.6673941209451778,V_new,100,-0.001563680423310565,0.8356534196054249,0.9860959920853973,0.9859129920014507,60,17447,0.009514529718576248,random_reject_same_coverage,20214,0.7959819952563734,0.7959713346330705,0.8549025427921243,umap,2767,0.007950849295265683,0.13688532700108835,17,22,exact_dedup_clean,0.7959819952563733,0.7959713346330707
0.9910586347223018,0.7947330282992724,0.7952798162103456,0.46028043094895493,0.46169058748297215,0.667325275836912,0.6681884398179478,V_new,100,0.002623506424506372,1.2934122858228374,0.9860959920853973,0.9864841846812844,60,17447,0.008941365277698177,random_reject_same_coverage,20214,0.7959819952563734,0.7967223467744916,0.8553972494310874,umap,2767,0.011564871702204549,0.13688532700108835,18,22,exact_dedup_clean,0.7959819952563733,0.7967223467744916
0.9905427867255115,0.7947330282992724,0.7946980750892183,0.46028043094895493,0.46085320763412363,0.667325275836912,0.6676099388414122,V_new,100,-0.00114496173852896,0.8789324396841529,0.9860959920853973,0.9859747539101482,60,17447,0.009457213274488452,random_reject_same_coverage,20214,0.7959819952563734,0.7961449426116906,0.8549520134560206,umap,2767,0.008312251535959492,0.13688532700108835,19,22,exact_dedup_clean,0.7959819952563733,0.7961449426116904
0.9924576158056334,0.7731487979921998,0.7711702246842078,0.3973674286554235,0.3927640173097371,0.636916355522644,0.635076283949534,V_new,100,-0.0006616502494124488,0.9122757164894045,0.9878124803307133,0.9873509776610879,60,14982,0.0075423841943665915,random_reject_same_coverage,20214,0.774472528619301,0.7729692476006135,0.7355793014742258,umap,5232,0.006880733944954143,0.25883051350549124,0,33,exact_dedup_clean,0.7744725286193009,0.7729692476006135
0.9925243625684155,0.7731487979921998,0.771623778219202,0.3973674286554235,0.3954679303278321,0.636916355522644,0.6356784410100502,V_new,100,-0.0004037719881594404,0.9459882863696003,0.9878124803307133,0.9873741763391596,60,14982,0.007475637431584525,random_reject_same_coverage,20214,0.774472528619301,0.7734222173695753,0.7356287721381221,umap,5232,0.007071865443425085,0.25883051350549124,1,33,exact_dedup_clean,0.7744725286193009,0.7734222173695754
0.9925243625684155,0.7731487979921998,0.7724494147309152,0.3973674286554235,0.39741789613604733,0.636916355522644,0.6366058194540137,V_new,100,-0.0004037719881594404,0.9459882863696003,0.9878124803307133,0.9877924281759513,60,14982,0.007475637431584525,random_reject_same_coverage,20214,0.774472528619301,0.774236747801108,0.7356287721381221,umap,5232,0.007071865443425085,0.25883051350549124,2,33,exact_dedup_clean,0.7744725286193009,0.774236747801108
0.9925911093311974,0.7731487979921998,0.771852292852907,0.3973674286554235,0.3966797474586342,0.636916355522644,0.6360986834210138,V_new,100,-0.000145893726906543,0.9803082899413169,0.9878124803307133,0.9870805206423827,60,14982,0.00740889066880257,random_reject_same_coverage,20214,0.774472528619301,0.7736430063166646,0.7356782428020184,umap,5232,0.007262996941896027,0.25883051350549124,3,33,exact_dedup_clean,0.7744725286193009,0.7736430063166646
0.9924576158056334,0.7731487979921998,0.7743587004610805,0.3973674286554235,0.40215061550198145,0.636916355522644,0.6392121711423135,V_new,100,-0.0006616502494124488,0.9122757164894045,0.9878124803307133,0.9876980256282162,60,14982,0.0075423841943665915,random_reject_same_coverage,20214,0.774472528619301,0.7761320823337837,0.7355793014742258,umap,5232,0.006880733944954143,0.25883051350549124,4,33,exact_dedup_clean,0.7744725286193009,0.7761320823337837
0.9929915899078895,0.7731487979921998,0.7722624046347957,0.3973674286554235,0.39590515180665276,0.636916355522644,0.6363707438893603,V_new,100,0.0014013758406111743,1.1999563128003494,0.9878124803307133,0.9877629978128806,60,14982,0.007008410092110506,random_reject_same_coverage,20214,0.774472528619301,0.7740538325935576,0.7359750667853963,umap,5232,0.00840978593272168,0.25883051350549124,5,33,exact_dedup_clean,0.7744725286193009,0.7740538325935575
0.9922573755172874,0.7731487979921998,0.7714216079534103,0.3973674286554235,0.39360295729141404,0.636916355522644,0.6353829503019377,V_new,100,-0.0014352850331712519,0.8146255140778297,0.9878124803307133,0.9874236709928196,60,14982,0.007742624482712568,random_reject_same_coverage,20214,0.774472528619301,0.7732186411376881,0.7354308894825369,umap,5232,0.006307339449541316,0.25883051350549124,6,33,exact_dedup_clean,0.7744725286193009,0.7732186411376882
0.9927913496195434,0.7731487979921998,0.7741887087458955,0.3973674286554235,0.40045151811017105,0.636916355522644,0.6386216367451141,V_new,100,0.0006277410568522601,1.0870816343866714,0.9878124803307133,0.9885783687089195,60,14982,0.007208650380456594,random_reject_same_coverage,20214,0.774472528619301,0.7759679618481163,0.7358266547937073,umap,5232,0.007836391437308854,0.25883051350549124,7,33,exact_dedup_clean,0.7744725286193009,0.7759679618481162
0.9922573755172874,0.7731487979921998,0.7724715114982328,0.3973674286554235,0.39597518913605195,0.636916355522644,0.6366676609377477,V_new,100,-0.0014352850331712519,0.8146255140778297,0.9878124803307133,0.9877086781573508,60,14982,0.007742624482712568,random_reject_same_coverage,20214,0.774472528619301,0.7742567515612401,0.7354308894825369,umap,5232,0.006307339449541316,0.25883051350549124,8,33,exact_dedup_clean,0.7744725286193009,0.7742567515612402
0.9927913496195434,0.7731487979921998,0.7730586063012342,0.3973674286554235,0.3970828152492678,0.636916355522644,0.63719663979398,V_new,100,0.0006277410568522601,1.0870816343866714,0.9878124803307133,0.9883445237315815,60,14982,0.007208650380456594,random_reject_same_coverage,20214,0.774472528619301,0.7748432627995302,0.7358266547937073,umap,5232,0.007836391437308854,0.25883051350549124,9,33,exact_dedup_clean,0.7744725286193009,0.77484326279953
0.9924576158056334,0.7731487979921998,0.7719255964969436,0.3973674286554235,0.3951067644275782,0.636916355522644,0.6359464108371182,V_new,100,-0.0006616502494124488,0.9122757164894045,0.9878124803307133,0.9876950905283418,60,14982,0.0075423841943665915,random_reject_same_coverage,20214,0.774472528619301,0.7737190103784614,0.7355793014742258,umap,5232,0.006880733944954143,0.25883051350549124,10,33,exact_dedup_clean,0.7744725286193009,0.7737190103784616
0.9925911093311974,0.7731487979921998,0.7721668204657957,0.3973674286554235,0.3954071755787435,0.636916355522644,0.6361491937593716,V_new,100,-0.000145893726906543,0.9803082899413169,0.9878124803307133,0.9879812822286029,60,14982,0.00740889066880257,random_reject_same_coverage,20214,0.774472528619301,0.7739569023932651,0.7356782428020184,umap,5232,0.007262996941896027,0.25883051350549124,11,33,exact_dedup_clean,0.7744725286193009,0.7739569023932651
0.9927913496195434,0.7731487979921998,0.7745377079611562,0.3973674286554235,0.40120072568878967,0.636916355522644,0.6392110589173201,V_new,100,0.0006277410568522601,1.0870816343866714,0.9878124803307133,0.9882767500703564,60,14982,0.007208650380456594,random_reject_same_coverage,20214,0.774472528619301,0.7763098739385073,0.7358266547937073,umap,5232,0.007836391437308854,0.25883051350549124,12,33,exact_dedup_clean,0.7744725286193009,0.7763098739385073
0.9923908690428515,0.7731487979921998,0.7720687078798025,0.3973674286554235,0.39546517564265316,0.636916355522644,0.6361752555104957,V_new,100,-0.0009195285106653461,0.8791545952036116,0.9878124803307133,0.98760359327763,60,14982,0.007609130957148547,random_reject_same_coverage,20214,0.774472528619301,0.773860268921954,0.7355298308103295,umap,5232,0.0066896024464832005,0.25883051350549124,13,33,exact_dedup_clean,0.7744725286193009,0.773860268921954
0.9929248431451074,0.7731487979921998,0.7731096653483639,0.3973674286554235,0.3978178838075547,0.636916355522644,0.6374792755344979,V_new,100,0.0011434975793581659,1.161621516357962,0.9878124803307133,0.9878291321060438,60,14982,0.0070751568548925725,random_reject_same_coverage,20214,0.774472528619301,0.7748936712891277,0.7359255961215,umap,5232,0.008218654434250738,0.25883051350549124,14,33,exact_dedup_clean,0.7744725286193009,0.7748936712891276
0.9919903884661594,0.7731487979921998,0.7715646157211251,0.3973674286554235,0.3945452781286913,0.636916355522644,0.6356904930627665,V_new,100,-0.0024667980781830634,0.6920202599388446,0.9878124803307133,0.9871493014916614,60,14982,0.00800961153384061,random_reject_same_coverage,20214,0.774472528619301,0.7733621375289162,0.7352330068269516,umap,5232,0.005542813455657547,0.25883051350549124,15,33,exact_dedup_clean,0.7744725286193009,0.7733621375289161
0.9927913496195434,0.7731487979921998,0.7731942755896763,0.3973674286554235,0.3972654351554249,0.636916355522644,0.6374945297988721,V_new,100,0.0006277410568522601,1.0870816343866714,0.9878124803307133,0.9880652346639269,60,14982,0.007208650380456594,random_reject_same_coverage,20214,0.774472528619301,0.7749775750519412,0.7358266547937073,umap,5232,0.007836391437308854,0.25883051350549124,16,33,exact_dedup_clean,0.7744725286193009,0.7749775750519412
0.9926578560939795,0.7731487979921998,0.7740043405091166,0.3973674286554235,0.4023569286596242,0.636916355522644,0.6386820808801501,V_new,100,0.00011198453434646538,1.0152522935779886,0.9878124803307133,0.9878260190207306,60,14982,0.007342143906020504,random_reject_same_coverage,20214,0.774472528619301,0.7757806769165949,0.7357277134659147,umap,5232,0.007454128440366969,0.25883051350549124,17,33,exact_dedup_clean,0.7744725286193009,0.775780676916595
0.9927913496195434,0.7731487979921998,0.774220256805385,0.3973674286554235,0.40046726691790524,0.636916355522644,0.6387742237060289,V_new,100,0.0006277410568522601,1.0870816343866714,0.9878124803307133,0.9882852285072838,60,14982,0.007208650380456594,random_reject_same_coverage,20214,0.774472528619301,0.775990242742662,0.7358266547937073,umap,5232,0.007836391437308854,0.25883051350549124,18,33,exact_dedup_clean,0.7744725286193009,0.775990242742662
0.9922573755172874,0.7731487979921998,0.7729288444659129,0.3973674286554235,0.3975347584407361,0.636916355522644,0.637302953039846,V_new,100,-0.0014352850331712519,0.8146255140778297,0.9878124803307133,0.9876701771074667,60,14982,0.007742624482712568,random_reject_same_coverage,20214,0.774472528619301,0.7747144969011439,0.7354308894825369,umap,5232,0.006307339449541316,0.25883051350549124,19,33,exact_dedup_clean,0.7744725286193009,0.774714496901144
0.9901762141585313,0.7884266597555943,0.7876043431484725,0.4432412728667562,0.4426270004079296,0.658622017897654,0.6581864401461087,V_new,100,-0.0021843664373434324,0.777645148968673,0.9859165777113781,0.9852966596376919,60,16287,0.009823785841468702,random_reject_same_coverage,20214,0.7897003665645689,0.7891884023390269,0.7978133966557831,umap,3927,0.007639419404125269,0.19427129712080737,0,44,exact_dedup_clean,0.7897003665645689,0.7891884023390269
0.990728802112114,0.7884266597555943,0.7880668935365672,0.4432412728667562,0.4427829830623101,0.658622017897654,0.6584569558843574,V_new,100,0.0006600473374768212,1.071193317784669,0.9859165777113781,0.9861273267215891,60,16287,0.009271197887885996,random_reject_same_coverage,20214,0.7897003665645689,0.7896492804109556,0.79825863263085,umap,3927,0.009931245225362817,0.19427129712080737,1,44,exact_dedup_clean,0.7897003665645689,0.7896492804109556
0.9903604101430589,0.7884266597555943,0.7882510261498574,0.4432412728667562,0.4442499318501454,0.658622017897654,0.6588430128275604,V_new,100,-0.0012362285124033479,0.8717550714553294,0.9859165777113781,0.9858296139731338,60,16287,0.009639589856941133,random_reject_same_coverage,20214,0.7897003665645689,0.7898312921619498,0.797961808647472,umap,3927,0.008403361344537785,0.19427129712080737,2,44,exact_dedup_clean,0.7897003665645689,0.7898312921619498
0.9906674034506048,0.7884266597555943,0.7877622465737176,0.4432412728667562,0.44198940818725935,0.658622017897654,0.6581946455831691,V_new,100,0.00034400136249679303,1.036860198624903,0.9859165777113781,0.985773202898167,60,16287,0.009332596549395222,random_reject_same_coverage,20214,0.7897003665645689,0.7893471207558237,0.7982091619669536,umap,3927,0.009676597911892015,0.19427129712080737,3,44,exact_dedup_clean,0.7897003665645689,0.7893471207558237
0.9912813900656966,0.7884266597555943,0.7881820937124232,0.4432412728667562,0.44123947035570554,0.658622017897654,0.6582875161095119,V_new,100,0.003504461112297075,1.401951817859033,0.9859165777113781,0.9868637887362095,60,16287,0.0087186099343034,random_reject_same_coverage,20214,0.7897003665645689,0.7897633613541742,0.7987038686059167,umap,3927,0.012223071046600475,0.19427129712080737,4,44,exact_dedup_clean,0.7897003665645689,0.7897633613541742
0.9910357954196598,0.7884266597555943,0.7878281794946521,0.4432412728667562,0.44170915194665894,0.658622017897654,0.6579457602068428,V_new,100,0.002240277212376851,1.2499136640957642,0.9859165777113781,0.9865347831741497,60,16287,0.008964204580340196,random_reject_same_coverage,20214,0.7897003665645689,0.7894120492924904,0.7985059859503314,umap,3927,0.011204481792717047,0.19427129712080737,5,44,exact_dedup_clean,0.7897003665645689,0.7894120492924905
0.9906060047890956,0.7884266597555943,0.7889499607946746,0.4432412728667562,0.44690088074686823,0.658622017897654,0.6598644262292502,V_new,100,2.795538751676485e-05,1.0029758784084022,0.9859165777113781,0.9857021960935508,60,16287,0.009393995210904449,random_reject_same_coverage,20214,0.7897003665645689,0.7905238295852987,0.7981596913030573,umap,3927,0.009421950598421214,0.19427129712080737,6,44,exact_dedup_clean,0.7897003665645689,0.7905238295852988
0.991097194081169,0.7884266597555943,0.7900596948197987,0.4432412728667562,0.4475621350069947,0.658622017897654,0.6610450207361709,V_new,100,0.0025563231873569903,1.2871367982929882,0.9859165777113781,0.9864982151400815,60,16287,0.00890280591883097,random_reject_same_coverage,20214,0.7897003665645689,0.7916268524954834,0.7985554566142278,umap,3927,0.01145912910618796,0.19427129712080737,7,44,exact_dedup_clean,0.7897003665645689,0.7916268524954834
0.9911585927426783,0.7884266597555943,0.7887835739210528,0.4432412728667562,0.445144384739782,0.658622017897654,0.6594293149476878,V_new,100,0.0028723691623370184,1.3248769204651616,0.9859165777113781,0.9861477605468709,60,16287,0.008841407257321743,random_reject_same_coverage,20214,0.7897003665645689,0.7903546444084744,0.798604927278124,umap,3927,0.011713776419658761,0.19427129712080737,8,44,exact_dedup_clean,0.7897003665645689,0.7903546444084742
0.9908515994351323,0.7884266597555943,0.7897956170111071,0.4432412728667562,0.44617811583628353,0.658622017897654,0.6607627796530736,V_new,100,0.0012921392874368776,1.1412420978153321,0.9859165777113781,0.9863080371409902,60,16287,0.009148400564867654,random_reject_same_coverage,20214,0.7897003665645689,0.7913632292799379,0.7983575739586425,umap,3927,0.010440539852304531,0.19427129712080737,9,44,exact_dedup_clean,0.7897003665645689,0.791363229279938
0.9909743967581507,0.7884266597555943,0.7889198819845565,0.4432412728667562,0.44477304011936036,0.658622017897654,0.6594000659633401,V_new,100,0.001924231237396934,1.21319696709853,0.9859165777113781,0.9866528062655954,60,16287,0.009025603241849312,random_reject_same_coverage,20214,0.7897003665645689,0.7904957811634157,0.7984565152864351,umap,3927,0.010949834479246245,0.19427129712080737,10,44,exact_dedup_clean,0.7897003665645689,0.7904957811634157
0.990728802112114,0.7884266597555943,0.7890463841732214,0.4432412728667562,0.44330827509643966,0.658622017897654,0.6594503623365224,V_new,100,0.0006600473374768212,1.071193317784669,0.9859165777113781,0.986929617092751,60,16287,0.009271197887885996,random_reject_same_coverage,20214,0.7897003665645689,0.7906207579347194,0.79825863263085,umap,3927,0.009931245225362817,0.19427129712080737,11,44,exact_dedup_clean,0.7897003665645689,0.7906207579347194
0.9894394302204212,0.7884266597555943,0.7869898359622597,0.4432412728667562,0.44140296886337405,0.658622017897654,0.6575762987685854,V_new,100,-0.0059769181371035485,0.43403450174996533,0.9859165777113781,0.984763978260108,60,16287,0.010560569779578755,random_reject_same_coverage,20214,0.7897003665645689,0.7885789090631868,0.7972197486890275,umap,3927,0.004583651642475206,0.19427129712080737,12,44,exact_dedup_clean,0.7897003665645689,0.7885789090631868
0.9910357954196598,0.7884266597555943,0.7885272302414239,0.4432412728667562,0.44296892476882005,0.658622017897654,0.6590123227026257,V_new,100,0.002240277212376851,1.2499136640957642,0.9859165777113781,0.986301991951264,60,16287,0.008964204580340196,random_reject_same_coverage,20214,0.7897003665645689,0.7901045542641627,0.7985059859503314,umap,3927,0.011204481792717047,0.19427129712080737,13,44,exact_dedup_clean,0.7897003665645689,0.7901045542641627
0.9906060047890956,0.7884266597555943,0.7886431073209905,0.4432412728667562,0.444004644672731,0.658622017897654,0.6593901720987644,V_new,100,2.795538751676485e-05,1.0029758784084022,0.9859165777113781,0.9858132375952979,60,16287,0.009393995210904449,random_reject_same_coverage,20214,0.7897003665645689,0.7902190775499092,0.7981596913030573,umap,3927,0.009421950598421214,0.19427129712080737,14,44,exact_dedup_clean,0.7897003665645689,0.7902190775499092
0.9902990114815498,0.7884266597555943,0.7876135038013029,0.4432412728667562,0.44312904184325114,0.658622017897654,0.6581162028733221,V_new,100,-0.001552274487383265,0.8399880090125863,0.9859165777113781,0.985489702065512,60,16287,0.009700988518450249,random_reject_same_coverage,20214,0.7897003665645689,0.7891998182109868,0.7979123379835757,umap,3927,0.008148714031066984,0.19427129712080737,15,44,exact_dedup_clean,0.7897003665645689,0.789199818210987
0.9906674034506048,0.7884266597555943,0.7875412584705923,0.4432412728667562,0.441335353547597,0.658622017897654,0.6580278569088431,V_new,100,0.00034400136249679303,1.036860198624903,0.9859165777113781,0.9854467582661494,60,16287,0.009332596549395222,random_reject_same_coverage,20214,0.7897003665645689,0.789122524257055,0.7982091619669536,umap,3927,0.009676597911892015,0.19427129712080737,16,44,exact_dedup_clean,0.7897003665645689,0.7891225242570549
0.9905446061275864,0.7884266597555943,0.7863304671708441,0.4432412728667562,0.4384031984330325,0.658622017897654,0.6563841727899928,V_new,100,-0.0002880905874632633,0.9695316142986092,0.9859165777113781,0.9854003208391848,60,16287,0.009455393872413564,random_reject_same_coverage,20214,0.7897003665645689,0.7879245747184063,0.7981102206391609,umap,3927,0.009167303284950301,0.19427129712080737,17,44,exact_dedup_clean,0.7897003665645689,0.7879245747184063
0.9907902007736231,0.7884266597555943,0.788259436540952,0.4432412728667562,0.4444875356702007,0.658622017897654,0.6588619076736971,V_new,100,0.0009760933124568494,1.1059842118665646,0.9859165777113781,0.9858143532836543,60,16287,0.00920979922637688,random_reject_same_coverage,20214,0.7897003665645689,0.7898399713491374,0.7983081032947462,umap,3927,0.01018589253883373,0.19427129712080737,18,44,exact_dedup_clean,0.7897003665645689,0.7898399713491375
0.9906060047890956,0.7884266597555943,0.7875589799089076,0.4432412728667562,0.44143289505222977,0.658622017897654,0.6578259666686385,V_new,100,2.795538751676485e-05,1.0029758784084022,0.9859165777113781,0.9859748488664215,60,16287,0.009393995210904449,random_reject_same_coverage,20214,0.7897003665645689,0.7891465339800284,0.7981596913030573,umap,3927,0.009421950598421214,0.19427129712080737,19,44,exact_dedup_clean,0.7897003665645689,0.7891465339800285
0.9910838673725272,0.8001302118592908,0.800211047254148,0.4719491154416153,0.47232331886970014,0.6749287094633801,0.6751825352805727,V_new,100,0.0029833825774632228,1.3346050022036102,0.9860715566912506,0.9862413692902703,60,17945,0.008916132627472817,random_reject_same_coverage,20214,0.8013580933818041,0.8015930748125271,0.8798357573958643,umap,2269,0.01189951520493604,0.11224893638072624,0,55,exact_dedup_clean,0.8013580933818041,0.801593074812527
0.9906380607411536,0.8001302118592908,0.7992920994136186,0.4719491154416153,0.4703156260240532,0.6749287094633801,0.6740312676289937,V_new,100,-0.0009882063368543692,0.8944442695544539,0.9860715566912506,0.9859382165871382,60,17945,0.00936193925884643,random_reject_same_coverage,20214,0.8013580933818041,0.8006812079969197,0.8794399920846938,umap,2269,0.008373732921992061,0.11224893638072624,1,55,exact_dedup_clean,0.8013580933818041,0.8006812079969197
0.9909166898857621,0.8001302118592908,0.799971450314687,0.4719491154416153,0.47106601170638834,0.6749287094633801,0.6747916732765102,V_new,100,0.0014940367345941397,1.164481528848417,0.9860715566912506,0.9863573872159748,60,17945,0.009083310114237908,random_reject_same_coverage,20214,0.8013580933818041,0.8013558416856178,0.8796873454041754,umap,2269,0.010577346848832048,0.11224893638072624,2,55,exact_dedup_clean,0.8013580933818041,0.8013558416856178
0.9908609640568403,0.8001302118592908,0.7995072399531629,0.4719491154416153,0.4694133052212846,0.6749287094633801,0.6740970495786499,V_new,100,0.0009975881203043713,1.1091568220662311,0.9860715566912506,0.9864458296555977,60,17945,0.009139035943159679,random_reject_same_coverage,20214,0.8013580933818041,0.8008949743551886,0.879637874740279,umap,2269,0.01013662406346405,0.11224893638072624,3,55,exact_dedup_clean,0.8013580933818041,0.8008949743551885
0.9908609640568403,0.8001302118592908,0.8001050275324579,0.4719491154416153,0.47196412676118016,0.6749287094633801,0.6751105765860816,V_new,100,0.0009975881203043713,1.1091568220662311,0.9860715566912506,0.9860797769359366,60,17945,0.009139035943159679,random_reject_same_coverage,20214,0.8013580933818041,0.8014889869251474,0.879637874740279,umap,2269,0.01013662406346405,0.11224893638072624,4,55,exact_dedup_clean,0.8013580933818041,0.8014889869251474
0.9905266090833101,0.8001302118592908,0.8000207078179369,0.4719491154416153,0.4722836254303684,0.6749287094633801,0.6750491470136466,V_new,100,-0.001981103565433795,0.790877038342885,0.9860715566912506,0.9859546593699421,60,17945,0.009473390916689861,random_reject_same_coverage,20214,0.8013580933818041,0.801404366737622,0.8793410507569012,umap,2269,0.007492287351256066,0.11224893638072624,5,55,exact_dedup_clean,0.8013580933818041,0.801404366737622
0.9905266090833101,0.8001302118592908,0.799560468047985,0.4719491154416153,0.47057828743771174,0.6749287094633801,0.6743470152427758,V_new,100,-0.001981103565433795,0.790877038342885,0.9860715566912506,0.9860695151159843,60,17945,0.009473390916689861,random_reject_same_coverage,20214,0.8013580933818041,0.800947258934698,0.8793410507569012,umap,2269,0.007492287351256066,0.11224893638072624,6,55,exact_dedup_clean,0.8013580933818041,0.8009472589346979
0.9910281415436054,0.8001302118592908,0.7997323658176917,0.4719491154416153,0.47101028333268546,0.6749287094633801,0.6744379751718284,V_new,100,0.0024869339631734544,1.2771927327276236,0.9860715566912506,0.9863960045004595,60,17945,0.008971858456394588,random_reject_same_coverage,20214,0.8013580933818041,0.8011191150173117,0.8797862867319679,umap,2269,0.011458792419568042,0.11224893638072624,7,55,exact_dedup_clean,0.8013580933818041,0.8011191150173117
0.9906937865700752,0.8001302118592908,0.8001892539360564,0.4719491154416153,0.4724587493252912,0.6749287094633801,0.6752277656950706,V_new,100,-0.0004917577225647118,0.9471581297519536,0.9860715566912506,0.9860794237549972,60,17945,0.00930621342992477,random_reject_same_coverage,20214,0.8013580933818041,0.8015714496731631,0.8794894627485901,umap,2269,0.008814455707360058,0.11224893638072624,8,55,exact_dedup_clean,0.8013580933818041,0.801571449673163
0.9906937865700752,0.8001302118592908,0.8005467123073956,0.4719491154416153,0.47494860615475665,0.6749287094633801,0.6758673089535285,V_new,100,-0.0004917577225647118,0.9471581297519536,0.9860715566912506,0.9857915666465749,60,17945,0.00930621342992477,random_reject_same_coverage,20214,0.8013580933818041,0.8019266807669944,0.8794894627485901,umap,2269,0.008814455707360058,0.11224893638072624,9,55,exact_dedup_clean,0.8013580933818041,0.8019266807669945
0.9904708832543884,0.8001302118592908,0.800519454963416,0.4719491154416153,0.47334527452119135,0.6749287094633801,0.6757146918300316,V_new,100,-0.0024775521797235633,0.7400019072214085,0.9860715566912506,0.9860346583577032,60,17945,0.009529116745611632,random_reject_same_coverage,20214,0.8013580933818041,0.8018996429643662,0.8792915800930049,umap,2269,0.007051564565888069,0.11224893638072624,10,55,exact_dedup_clean,0.8013580933818041,0.8018996429643661
0.9908052382279187,0.8001302118592908,0.7997464824067428,0.4719491154416153,0.4716823445536296,0.6749287094633801,0.6745470155586399,V_new,100,0.0005011395060147139,1.0545027177905095,0.9860715566912506,0.9862010573832232,60,17945,0.009194761772081339,random_reject_same_coverage,20214,0.8013580933818041,0.8011317199004402,0.8795884040763827,umap,2269,0.009695901278096053,0.11224893638072624,11,55,exact_dedup_clean,0.8013580933818041,0.8011317199004402
0.9904708832543884,0.8001302118592908,0.7997680624159005,0.4719491154416153,0.47123183211519387,0.6749287094633801,0.6745225230882348,V_new,100,-0.0024775521797235633,0.7400019072214085,0.9860715566912506,0.986318639667252,60,17945,0.009529116745611632,random_reject_same_coverage,20214,0.8013580933818041,0.8011532376684677,0.8792915800930049,umap,2269,0.007051564565888069,0.11224893638072624,12,55,exact_dedup_clean,0.8013580933818041,0.8011532376684675
0.9908609640568403,0.8001302118592908,0.7999128997034509,0.4719491154416153,0.47269877855490794,0.6749287094633801,0.6748786358621915,V_new,100,0.0009975881203043713,1.1091568220662311,0.9860715566912506,0.9859952158085943,60,17945,0.009139035943159679,random_reject_same_coverage,20214,0.8013580933818041,0.8012975886665359,0.879637874740279,umap,2269,0.01013662406346405,0.11224893638072624,13,55,exact_dedup_clean,0.8013580933818041,0.8012975886665359
0.9908609640568403,0.8001302118592908,0.8002103156705576,0.4719491154416153,0.47264395674726356,0.6749287094633801,0.6752611344402865,V_new,100,0.0009975881203043713,1.1091568220662311,0.9860715566912506,0.9860741436861096,60,17945,0.009139035943159679,random_reject_same_coverage,20214,0.8013580933818041,0.8015932168233381,0.879637874740279,umap,2269,0.01013662406346405,0.11224893638072624,14,55,exact_dedup_clean,0.8013580933818041,0.8015932168233382
0.9905266090833101,0.8001302118592908,0.7992190449926656,0.4719491154416153,0.47078567552095013,0.6749287094633801,0.6740727301140864,V_new,100,-0.001981103565433795,0.790877038342885,0.9860715566912506,0.9856245596344095,60,17945,0.009473390916689861,random_reject_same_coverage,20214,0.8013580933818041,0.8006070045230219,0.8793410507569012,umap,2269,0.007492287351256066,0.11224893638072624,15,55,exact_dedup_clean,0.8013580933818041,0.8006070045230219
0.9909724157146838,0.8001302118592908,0.7995608438552887,0.4719491154416153,0.47042175553040744,0.6749287094633801,0.6742356388113121,V_new,100,0.001990485348883797,1.2204892567019736,0.9860715566912506,0.9863106298186956,60,17945,0.009027584285316248,random_reject_same_coverage,20214,0.8013580933818041,0.8009482061717463,0.8797368160680716,umap,2269,0.011018069634200045,0.11224893638072624,16,55,exact_dedup_clean,0.8013580933818041,0.8009482061717464
0.9909724157146838,0.8001302118592908,0.8007019346464381,0.4719491154416153,0.4728193336132025,0.6749287094633801,0.6756112737506822,V_new,100,0.001990485348883797,1.2204892567019736,0.9860715566912506,0.986803342639965,60,17945,0.009027584285316248,random_reject_same_coverage,20214,0.8013580933818041,0.8020808487715466,0.8797368160680716,umap,2269,0.011018069634200045,0.11224893638072624,17,55,exact_dedup_clean,0.8013580933818041,0.8020808487715466
0.9906380607411536,0.8001302118592908,0.7997893113693969,0.4719491154416153,0.4718193936967363,0.6749287094633801,0.6747656233916549,V_new,100,-0.0009882063368543692,0.8944442695544539,0.9860715566912506,0.9858649856238703,60,17945,0.00936193925884643,random_reject_same_coverage,20214,0.8013580933818041,0.8011749247460446,0.8794399920846938,umap,2269,0.008373732921992061,0.11224893638072624,18,55,exact_dedup_clean,0.8013580933818041,0.8011749247460445
0.9908609640568403,0.8001302118592908,0.8005877340405942,0.4719491154416153,0.47311540789573253,0.6749287094633801,0.6755837881158036,V_new,100,0.0009975881203043713,1.1091568220662311,0.9860715566912506,0.9865152726699794,60,17945,0.009139035943159679,random_reject_same_coverage,20214,0.8013580933818041,0.8019663095524449,0.879637874740279,umap,2269,0.01013662406346405,0.11224893638072624,19,55,exact_dedup_clean,0.8013580933818041,0.8019663095524449
0.8895184135977338,0.6541799036189822,0.6496022383594626,0.26943859130781567,0.2664596762468313,0.5230974972791377,0.5214911588085459,M_new,100,-0.009871830304705287,0.9106472795497188,0.898653594633159,0.8972108327961061,60,3530,0.11048158640226624,random_reject_same_coverage,4842,0.6612739022288778,0.659599436187734,0.6484923585295332,umap,1312,0.10060975609756095,0.27096241222635276,0,11,exact_dedup_clean,0.6612739022288778,0.659599436187734
0.8900849858356941,0.6541799036189822,0.6498880430148339,0.26943859130781567,0.2654597974069746,0.5230974972791377,0.5216916083509147,M_new,100,-0.005494282456988908,0.950013358058838,0.898653594633159,0.8976039065105322,60,3530,0.10991501416430594,random_reject_same_coverage,4842,0.6612739022288778,0.6598659979493514,0.6489054109871953,umap,1312,0.10442073170731703,0.27096241222635276,1,11,exact_dedup_clean,0.6612739022288778,0.6598659979493514
0.8949008498583569,0.6541799036189822,0.6530534760238781,0.26943859130781567,0.2705818105302184,0.5230974972791377,0.5244073853970264,M_new,100,0.009992313272991105,1.095075110117678,0.898653594633159,0.9008817675314829,60,3530,0.10509915014164306,random_reject_same_coverage,4842,0.6612739022288778,0.6629238022226541,0.6524163568773235,umap,1312,0.11509146341463417,0.27096241222635276,2,11,exact_dedup_clean,0.6612739022288778,0.6629238022226541
0.8903682719546743,0.6541799036189822,0.6504226183241878,0.26943859130781567,0.26422560021643815,0.5230974972791377,0.5218382382792905,M_new,100,-0.006735386581911085,0.9385635280771417,0.898653594633159,0.8989906478384442,60,3530,0.10963172804532573,random_reject_same_coverage,4842,0.6612739022288778,0.6603577678933792,0.6491119372160264,umap,1312,0.10289634146341464,0.27096241222635276,3,11,exact_dedup_clean,0.6612739022288778,0.6603577678933792
0.8909348441926346,0.6541799036189822,0.6517806911497281,0.26943859130781567,0.2700970307693571,0.5230974972791377,0.5232118732539326,M_new,100,-0.004644424100048394,0.9574160595502056,0.898653594633159,0.8997994884609267,60,3530,0.10906515580736542,random_reject_same_coverage,4842,0.6612739022288778,0.6616753577332394,0.6495249896736885,umap,1312,0.10442073170731703,0.27096241222635276,4,11,exact_dedup_clean,0.6612739022288778,0.6616753577332394
0.898300283286119,0.6541799036189822,0.6540571211039733,0.26943859130781567,0.27107717336195464,0.5230974972791377,0.5253017467638289,M_new,100,0.022538088164167802,1.221614070249338,0.898653594633159,0.9018569353293108,60,3530,0.101699716713881,random_reject_same_coverage,4842,0.6612739022288778,0.6639023808687345,0.6548946716232962,umap,1312,0.12423780487804881,0.27096241222635276,5,11,exact_dedup_clean,0.6612739022288778,0.6639023808687345
0.8886685552407932,0.6541799036189822,0.651194606271826,0.26943859130781567,0.27051386838236186,0.5230974972791377,0.523281774545141,M_new,100,-0.013008274027499489,0.88315723328989,0.898653594633159,0.8976486378753812,60,3530,0.11133144475920675,random_reject_same_coverage,4842,0.6612739022288778,0.6611487347157213,0.64787277984304,umap,1312,0.09832317073170727,0.27096241222635276,6,11,exact_dedup_clean,0.6612739022288778,0.6611487347157213
0.8940509915014164,0.6541799036189822,0.652657791699609,0.26943859130781567,0.2699743315485002,0.5230974972791377,0.524547919433828,M_new,100,0.01447782076970916,1.1366489500456507,0.898653594633159,0.899126336680595,60,3530,0.10594900849858357,random_reject_same_coverage,4842,0.6612739022288778,0.6625600585082991,0.6517967781908303,umap,1312,0.12042682926829273,0.27096241222635276,7,11,exact_dedup_clean,0.6612739022288778,0.662560058508299
0.8940509915014164,0.6541799036189822,0.654409489640643,0.26943859130781567,0.2717467284832431,0.5230974972791377,0.5258419830556971,M_new,100,0.0068558695501969025,1.0647091430807354,0.898653594633159,0.9016583303683833,60,3530,0.10594900849858357,random_reject_same_coverage,4842,0.6612739022288778,0.6642797903733216,0.6517967781908303,umap,1312,0.11280487804878048,0.27096241222635276,8,11,exact_dedup_clean,0.6612739022288778,0.6642797903733217
0.8923512747875354,0.6541799036189822,0.651711046451234,0.26943859130781567,0.27011872643640855,0.5230974972791377,0.5233748658075281,M_new,100,0.009729323568023251,1.0903802952503212,0.898653594633159,0.8992163872538115,60,3530,0.1076487252124646,random_reject_same_coverage,4842,0.6612739022288778,0.6616478978035741,0.6505576208178439,umap,1312,0.11737804878048785,0.27096241222635276,9,11,exact_dedup_clean,0.6612739022288778,0.6616478978035741
0.8923512747875354,0.6541799036189822,0.6526446284844448,0.26943859130781567,0.271772993394135,0.5230974972791377,0.5248663883817739,M_new,100,0.0028695674704621865,1.026656771501925,0.898653594633159,0.8981144181167449,60,3530,0.1076487252124646,random_reject_same_coverage,4842,0.6612739022288778,0.6625389026159363,0.6505576208178439,umap,1312,0.11051829268292679,0.27096241222635276,10,11,exact_dedup_clean,0.6612739022288778,0.6625389026159363
0.8903682719546743,0.6541799036189822,0.6505263665550896,0.26943859130781567,0.2666400075177525,0.5230974972791377,0.5218978881263064,M_new,100,-0.004448801216057396,0.9594204953677452,0.898653594633159,0.8991791401856007,60,3530,0.10963172804532573,random_reject_same_coverage,4842,0.6612739022288778,0.6604563791556731,0.6491119372160264,umap,1312,0.10518292682926833,0.27096241222635276,11,11,exact_dedup_clean,0.6612739022288778,0.6604563791556731
0.8940509915014164,0.6541799036189822,0.6528433336977748,0.26943859130781567,0.2696400545807865,0.5230974972791377,0.5242969009437969,M_new,100,0.0068558695501969025,1.0647091430807354,0.898653594633159,0.9004728661341949,60,3530,0.10594900849858357,random_reject_same_coverage,4842,0.6612739022288778,0.6627248050979921,0.6517967781908303,umap,1312,0.11280487804878048,0.27096241222635276,12,11,exact_dedup_clean,0.6612739022288778,0.6627248050979921
0.8920679886685552,0.6541799036189822,0.6515706863419347,0.26943859130781567,0.2681824664980048,0.5230974972791377,0.5228879994442422,M_new,100,-0.0004624991363229025,0.995714903015171,0.898653594633159,0.8999889193930263,60,3530,0.10793201133144481,random_reject_same_coverage,4842,0.6612739022288778,0.6614674809230294,0.6503510945890129,umap,1312,0.10746951219512191,0.27096241222635276,13,11,exact_dedup_clean,0.6612739022288778,0.6614674809230294
0.8929178470254957,0.6541799036189822,0.6512377470875246,0.26943859130781567,0.26500377001626607,0.5230974972791377,0.5227498625094198,M_new,100,0.004960529952324988,1.0463245257452571,0.898653594633159,0.8993944077734215,60,3530,0.1070821529745043,random_reject_same_coverage,4842,0.6612739022288778,0.6611963537451658,0.650970673275506,umap,1312,0.11204268292682928,0.27096241222635276,14,11,exact_dedup_clean,0.6612739022288778,0.6611963537451658
0.8917847025495751,0.6541799036189822,0.651371847729908,0.26943859130781567,0.2682566599048601,0.5230974972791377,0.5230466100313619,M_new,100,0.0007786049885994961,1.0071949623292047,0.898653594633159,0.8988996305442988,60,3530,0.10821529745042491,random_reject_same_coverage,4842,0.6612739022288778,0.6612998313133089,0.6501445683601818,umap,1312,0.1089939024390244,0.27096241222635276,15,11,exact_dedup_clean,0.6612739022288778,0.6612998313133089
0.8923512747875354,0.6541799036189822,0.6501473138716343,0.26943859130781567,0.2642664539860045,0.5230974972791377,0.5216246820409776,M_new,100,0.0028695674704621865,1.026656771501925,0.898653594633159,0.8986592064419985,60,3530,0.1076487252124646,random_reject_same_coverage,4842,0.6612739022288778,0.6600973602878737,0.6505576208178439,umap,1312,0.11051829268292679,0.27096241222635276,16,11,exact_dedup_clean,0.6612739022288778,0.6600973602878738
0.8923512747875354,0.6541799036189822,0.6525985218487727,0.26943859130781567,0.26959202162415513,0.5230974972791377,0.5237720685077042,M_new,100,0.0005829821046086092,1.0054155969191274,0.898653594633159,0.9012504685577138,60,3530,0.1076487252124646,random_reject_same_coverage,4842,0.6612739022288778,0.6625155881844711,0.6505576208178439,umap,1312,0.10823170731707321,0.27096241222635276,17,11,exact_dedup_clean,0.6612739022288778,0.6625155881844711
0.8949008498583569,0.6541799036189822,0.6532465239414664,0.26943859130781567,0.2737910186721134,0.5230974972791377,0.5244847089190536,M_new,100,0.012278898638844793,1.1168315692590893,0.898653594633159,0.9014800840416124,60,3530,0.10509915014164306,random_reject_same_coverage,4842,0.6612739022288778,0.6631475360527098,0.6524163568773235,umap,1312,0.11737804878048785,0.27096241222635276,18,11,exact_dedup_clean,0.6612739022288778,0.6631475360527098
0.8971671388101983,0.6541799036189822,0.6539161600819834,0.26943859130781567,0.27206893557746975,0.5230974972791377,0.525027486789312,M_new,100,0.0183561632004422,1.1785048377343277,0.898653594633159,0.9020143187333148,60,3530,0.10283286118980173,random_reject_same_coverage,4842,0.6612739022288778,0.6637259104530372,0.6540685667079719,umap,1312,0.12118902439024393,0.27096241222635276,19,11,exact_dedup_clean,0.6612739022288778,0.6637259104530371
0.8925457102672293,0.6464742519773994,0.6459147541022674,0.2401757549837789,0.24275654215239004,0.5152814718661998,0.5175805200307331,M_new,100,0.005987823709342699,1.0557243803317102,0.8936691566760476,0.894840412357176,60,3555,0.10745428973277071,random_reject_same_coverage,4842,0.6536654288445871,0.6558271055772517,0.6553077240809583,umap,1287,0.11344211344211341,0.26579925650557623,0,22,exact_dedup_clean,0.653665428844587,0.6558271055772518
0.8936708860759494,0.6464742519773994,0.6454590055802554,0.2401757549837789,0.2417377883236681,0.5152814718661998,0.5167994367357245,M_new,100,0.010221002626065956,1.0961260961260966,0.8936691566760476,0.8954933776839872,60,3555,0.10632911392405064,random_reject_same_coverage,4842,0.6536654288445871,0.6553746765012171,0.6561338289962825,umap,1287,0.1165501165501166,0.26579925650557623,1,22,exact_dedup_clean,0.653665428844587,0.6553746765012172
0.8939521800281294,0.6464742519773994,0.6452313447310567,0.2401757549837789,0.24334647878377164,0.5152814718661998,0.516578144390152,M_new,100,0.011279297355246687,1.1063604830183076,0.8936691566760476,0.8952780971868911,60,3555,0.10604781997187063,random_reject_same_coverage,4842,0.6536654288445871,0.6551390779579075,0.6563403552251136,umap,1287,0.11732711732711731,0.26579925650557623,2,22,exact_dedup_clean,0.653665428844587,0.6551390779579076
0.8922644163150493,0.6464742519773994,0.6448049215242041,0.2401757549837789,0.23937980364658165,0.5152814718661998,0.5164398674012097,M_new,100,0.004929528980161968,1.0457558107688663,0.8936691566760476,0.8942614847515775,60,3555,0.10773558368495073,random_reject_same_coverage,4842,0.6536654288445871,0.6547555680758921,0.6551011978521272,umap,1287,0.1126651126651127,0.26579925650557623,3,22,exact_dedup_clean,0.653665428844587,0.654755568075892
0.8945147679324894,0.6464742519773994,0.6467994672399138,0.2401757549837789,0.2436189328720953,0.5152814718661998,0.5179152944217811,M_new,100,0.0227198961376176,1.2153846153846148,0.8936691566760476,0.8971101492115982,60,3555,0.10548523206751059,random_reject_same_coverage,4842,0.6536654288445871,0.6567048941037609,0.6567534076827757,umap,1287,0.1282051282051282,0.26579925650557623,4,22,exact_dedup_clean,0.653665428844587,0.6567048941037609
0.8888888888888888,0.6464742519773994,0.6423537785530286,0.2401757549837789,0.23785179914891438,0.5152814718661998,0.5140118459611396,M_new,100,-0.007770007770007803,0.9300699300699298,0.8936691566760476,0.8926021477548057,60,3555,0.11111111111111116,random_reject_same_coverage,4842,0.6536654288445871,0.6523581874288935,0.6526228831061545,umap,1287,0.10334110334110336,0.26579925650557623,5,22,exact_dedup_clean,0.653665428844587,0.6523581874288935
0.889170182841069,0.6464742519773994,0.645515083509051,0.2401757549837789,0.24074291130023073,0.5152814718661998,0.5171339150482145,M_new,100,-0.006711713040826961,0.939441269390508,0.8936691566760476,0.8946643421277449,60,3555,0.11082981715893103,random_reject_same_coverage,4842,0.6536654288445871,0.6554212282766576,0.6528294093349856,umap,1287,0.10411810411810407,0.26579925650557623,6,22,exact_dedup_clean,0.653665428844587,0.6554212282766577
0.889732770745429,0.6464742519773994,0.6433170350117692,0.2401757549837789,0.23915725490302073,0.5152814718661998,0.515006738257505,M_new,100,-0.004595123582465277,0.9583273868988161,0.8936691566760476,0.8930714861482923,60,3555,0.110267229254571,random_reject_same_coverage,4842,0.6536654288445871,0.6532844910745016,0.6532424617926477,umap,1287,0.10567210567210572,0.26579925650557623,7,22,exact_dedup_clean,0.653665428844587,0.6532844910745017
0.8846694796061885,0.6464742519773994,0.64167816984615,0.2401757549837789,0.23410335168319757,0.5152814718661998,0.5131615520602989,M_new,100,-0.023644428707719878,0.7949855023025753,0.8936691566760476,0.892665894844576,60,3555,0.11533052039381153,random_reject_same_coverage,4842,0.6536654288445871,0.6516899596437232,0.6495249896736885,umap,1287,0.09168609168609165,0.26579925650557623,8,22,exact_dedup_clean,0.653665428844587,0.6516899596437232
0.8942334739803094,0.6464742519773994,0.6470407600619287,0.2401757549837789,0.24399016010441785,0.5152814718661998,0.5184744608554244,M_new,100,0.012337592084427529,1.11664930813867,0.8936691566760476,0.896358673446444,60,3555,0.10576652601969061,random_reject_same_coverage,4842,0.6536654288445871,0.6569524966314111,0.6565468814539447,umap,1287,0.11810411810411814,0.26579925650557623,9,22,exact_dedup_clean,0.653665428844587,0.656952496631411
0.8911392405063291,0.6464742519773994,0.6458108978768614,0.2401757549837789,0.24237579734491338,0.5152814718661998,0.5171599260785007,M_new,100,0.0006963500634386,1.006396704071122,0.8936691566760476,0.8956391086535902,60,3555,0.10886075949367091,random_reject_same_coverage,4842,0.6536654288445871,0.6557035273061883,0.654275092936803,umap,1287,0.10955710955710951,0.26579925650557623,10,22,exact_dedup_clean,0.653665428844587,0.6557035273061882
0.8919831223628693,0.6464742519773994,0.6449618761912054,0.2401757549837789,0.24031038769158863,0.5152814718661998,0.516560336380209,M_new,100,0.003871234250981126,1.0358391608391613,0.8936691566760476,0.894411573460043,60,3555,0.10801687763713075,random_reject_same_coverage,4842,0.6536654288445871,0.6548926169638355,0.6548946716232962,umap,1287,0.11188811188811187,0.26579925650557623,11,22,exact_dedup_clean,0.653665428844587,0.6548926169638356
0.8942334739803094,0.6464742519773994,0.6467732811637463,0.2401757549837789,0.2432537598721352,0.5152814718661998,0.5176910710648154,M_new,100,0.012337592084427529,1.11664930813867,0.8936691566760476,0.8975672980193523,60,3555,0.10576652601969061,random_reject_same_coverage,4842,0.6536654288445871,0.6566469925418355,0.6565468814539447,umap,1287,0.11810411810411814,0.26579925650557623,12,22,exact_dedup_clean,0.653665428844587,0.6566469925418355
0.8877637130801688,0.6464742519773994,0.6426986375274005,0.2401757549837789,0.23875114500691968,0.5152814718661998,0.5144488317526346,M_new,100,-0.012003186686730949,0.893054314106946,0.8936691566760476,0.8925444914151357,60,3555,0.11223628691983123,random_reject_same_coverage,4842,0.6536654288445871,0.6526945982401291,0.6517967781908303,umap,1287,0.10023310023310028,0.26579925650557623,13,22,exact_dedup_clean,0.653665428844587,0.652694598240129
0.8956399437412096,0.6464742519773994,0.6470240907597253,0.2401757549837789,0.24247816955011253,0.5152814718661998,0.5180473520099043,M_new,100,0.017629065730331628,1.1689254142084338,0.8936691566760476,0.8975267459605181,60,3555,0.10436005625879041,random_reject_same_coverage,4842,0.6536654288445871,0.6569226644787443,0.6575795125981,umap,1287,0.12198912198912204,0.26579925650557623,14,22,exact_dedup_clean,0.653665428844587,0.6569226644787443
0.8931082981715893,0.6464742519773994,0.6459688393378653,0.2401757549837789,0.24316531490806667,0.5152814718661998,0.5170231812917093,M_new,100,0.008104413167704272,1.0758189179241808,0.8936691566760476,0.896766290582018,60,3555,0.10689170182841068,random_reject_same_coverage,4842,0.6536654288445871,0.6558953361244032,0.6557207765386204,umap,1287,0.11499611499611495,0.26579925650557623,15,22,exact_dedup_clean,0.653665428844587,0.6558953361244032
0.8886075949367088,0.6464742519773994,0.6452645094501037,0.2401757549837789,0.24300976960762818,0.5152814718661998,0.5171344168998321,M_new,100,-0.008828302499188645,0.9207459207459201,0.8936691566760476,0.8938582796960137,60,3555,0.11139240506329118,random_reject_same_coverage,4842,0.6536654288445871,0.6552052060608037,0.6524163568773235,umap,1287,0.10256410256410253,0.26579925650557623,16,22,exact_dedup_clean,0.653665428844587,0.6552052060608037
0.8933895921237693,0.6464742519773994,0.6473361990510668,0.2401757549837789,0.24357003586283946,0.5152814718661998,0.5188014191530129,M_new,100,0.009162707896885114,1.0859457165525768,0.8936691566760476,0.8963183446940112,60,3555,0.10661040787623066,random_reject_same_coverage,4842,0.6536654288445871,0.6572040630342021,0.6559273027674515,umap,1287,0.11577311577311578,0.26579925650557623,17,22,exact_dedup_clean,0.653665428844587,0.6572040630342021
0.889451476793249,0.6464742519773994,0.6440793959596381,0.2401757549837789,0.238737534576215,0.5152814718661998,0.515424573453742,M_new,100,-0.005653418311646119,0.9488603000053385,0.8936691566760476,0.8946845461737055,60,3555,0.11054852320675101,random_reject_same_coverage,4842,0.6536654288445871,0.6540520789044628,0.6530359355638166,umap,1287,0.1048951048951049,0.26579925650557623,18,22,exact_dedup_clean,0.653665428844587,0.6540520789044628
0.8911392405063291,0.6464742519773994,0.6433454166395755,0.2401757549837789,0.23877850318302973,0.5152814718661998,0.5149574840802972,M_new,100,0.0006963500634386,1.006396704071122,0.8936691566760476,0.8935046911759187,60,3555,0.10886075949367091,random_reject_same_coverage,4842,0.6536654288445871,0.6533607161984216,0.654275092936803,umap,1287,0.10955710955710951,0.26579925650557623,19,22,exact_dedup_clean,0.653665428844587,0.6533607161984216
0.8897306397306397,0.6495793879138455,0.6463021947330954,0.24279457418290565,0.24173663737788978,0.5177561270199762,0.5172269073780513,M_new,100,-0.0030706122255418355,0.9721535318782923,0.8976324158204487,0.8972466377936457,60,3564,0.1102693602693603,random_reject_same_coverage,4842,0.6567167516703265,0.6561877459009375,0.6548946716232962,umap,1278,0.10719874804381846,0.26394052044609667,0,33,exact_dedup_clean,0.6567167516703265,0.6561877459009375
0.8930976430976431,0.6495793879138455,0.6476428240764743,0.24279457418290565,0.243161060789267,0.5177561270199762,0.5182583911583638,M_new,100,0.011251007729880969,1.1052456471110126,0.8976324158204487,0.8989559584556981,60,3564,0.10690235690235694,random_reject_same_coverage,4842,0.6567167516703265,0.6574749527174168,0.6573729863692689,umap,1278,0.11815336463223791,0.26394052044609667,1,33,exact_dedup_clean,0.6567167516703265,0.6574749527174168
0.8959034792368126,0.6495793879138455,0.648634686889288,0.24279457418290565,0.24247609098619063,0.5177561270199762,0.5187149451128462,M_new,100,0.020316624776718695,1.195171026156942,0.8976324158204487,0.9012317460756574,60,3564,0.10409652076318743,random_reject_same_coverage,4842,0.6567167516703265,0.6584506004352935,0.6594382486575795,umap,1278,0.12441314553990612,0.26394052044609667,2,33,exact_dedup_clean,0.6567167516703265,0.6584506004352934
0.8930976430976431,0.6495793879138455,0.647344549960984,0.24279457418290565,0.2406167158840918,0.5177561270199762,0.517592049369548,M_new,100,0.009686062502963888,1.090606631917489,0.8976324158204487,0.8999202837183724,60,3564,0.10690235690235694,random_reject_same_coverage,4842,0.6567167516703265,0.6571958113469577,0.6573729863692689,umap,1278,0.11658841940532083,0.26394052044609667,3,33,exact_dedup_clean,0.6567167516703265,0.6571958113469578
0.8928170594837261,0.6495793879138455,0.6490004078925011,0.24279457418290565,0.2451646726872556,0.5177561270199762,0.5197669634125947,M_new,100,0.01566525979671518,1.1461544133913426,0.8976324158204487,0.8994252169663054,60,3564,0.10718294051627386,random_reject_same_coverage,4842,0.6567167516703265,0.6588135423836374,0.6571664601404378,umap,1278,0.12284820031298904,0.26394052044609667,4,33,exact_dedup_clean,0.6567167516703265,0.6588135423836374
0.8925364758698092,0.6495793879138455,0.6487318404479565,0.24279457418290565,0.24164017342506375,0.5177561270199762,0.5189916019551649,M_new,100,0.007559950048212971,1.0703489868716214,0.8976324158204487,0.9008192108305064,60,3564,0.10746352413019078,random_reject_same_coverage,4842,0.6567167516703265,0.6585632410893414,0.6569599339116068,umap,1278,0.11502347417840375,0.26394052044609667,5,33,exact_dedup_clean,0.6567167516703265,0.6585632410893415
0.8975869809203143,0.6495793879138455,0.6500488427957327,0.24279457418290565,0.24376727107058552,0.5177561270199762,0.5201915780194293,M_new,100,0.026694962140971557,1.2606598495080072,0.8976324158204487,0.9020119512137009,60,3564,0.1024130190796857,random_reject_same_coverage,4842,0.6567167516703265,0.6598479200051602,0.6606774060305659,umap,1278,0.12910798122065725,0.26394052044609667,6,33,exact_dedup_clean,0.6567167516703265,0.6598479200051602
0.893658810325477,0.6495793879138455,0.649495912856366,0.24279457418290565,0.24637667528133633,0.5177561270199762,0.5205103555570886,M_new,100,0.011812174957714916,1.1110780779664802,0.8976324158204487,0.8990612724484544,60,3564,0.106341189674523,random_reject_same_coverage,4842,0.6567167516703265,0.6593125607155713,0.657786038826931,umap,1278,0.11815336463223791,0.26394052044609667,7,33,exact_dedup_clean,0.6567167516703265,0.6593125607155713
0.8905723905723906,0.6495793879138455,0.6472605044927969,0.24279457418290565,0.2414747106772338,0.5177561270199762,0.5176286211884978,M_new,100,0.00011855645658465086,1.0010834236186352,0.8976324158204487,0.8994564558908639,60,3564,0.10942760942760943,random_reject_same_coverage,4842,0.6567167516703265,0.6571015567272204,0.6555142503097894,umap,1278,0.10954616588419408,0.26394052044609667,8,33,exact_dedup_clean,0.6567167516703265,0.6571015567272204
0.8888888888888888,0.6495793879138455,0.6490463170788364,0.24279457418290565,0.2467378006545046,0.5177561270199762,0.5200370815868923,M_new,100,-0.006259780907668322,0.9436619718309851,0.8976324158204487,0.8987392924542916,60,3564,0.11111111111111116,random_reject_same_coverage,4842,0.6567167516703265,0.6588462668350458,0.654275092936803,umap,1278,0.10485133020344284,0.26394052044609667,9,33,exact_dedup_clean,0.6567167516703265,0.6588462668350458
0.8897306397306397,0.6495793879138455,0.6472193444237334,0.24279457418290565,0.24416313026147612,0.5177561270199762,0.5183285495460422,M_new,100,-0.0030706122255418355,0.9721535318782923,0.8976324158204487,0.8972745342399481,60,3564,0.1102693602693603,random_reject_same_coverage,4842,0.6567167516703265,0.6570810889071272,0.6548946716232962,umap,1278,0.10719874804381846,0.26394052044609667,10,33,exact_dedup_clean,0.6567167516703265,0.6570810889071272
0.8945005611672279,0.6495793879138455,0.6488389451619951,0.24279457418290565,0.2460727024444349,0.5177561270199762,0.5192656062771573,M_new,100,0.016566288866758372,1.1570272700029969,0.8976324158204487,0.9003484087028136,60,3564,0.10549943883277213,random_reject_same_coverage,4842,0.6567167516703265,0.6586578568151661,0.6584056175134242,umap,1278,0.1220657276995305,0.26394052044609667,11,33,exact_dedup_clean,0.6567167516703265,0.6586578568151661
0.8905723905723906,0.6495793879138455,0.6467270365804353,0.24279457418290565,0.24245976173274822,0.5177561270199762,0.5177449991431511,M_new,100,0.00011855645658465086,1.0010834236186352,0.8976324158204487,0.8971825002585836,60,3564,0.10942760942760943,random_reject_same_coverage,4842,0.6567167516703265,0.6565873559232359,0.6555142503097894,umap,1278,0.10954616588419408,0.26394052044609667,12,33,exact_dedup_clean,0.6567167516703265,0.656587355923236
0.8900112233445566,0.6495793879138455,0.6474084792200155,0.24279457418290565,0.24195149011238015,0.5177561270199762,0.5181972135517359,M_new,100,-0.0004426107712492966,0.9959758551307845,0.8976324158204487,0.8984210756629858,60,3564,0.10998877665544338,random_reject_same_coverage,4842,0.6567167516703265,0.657282630824691,0.6551011978521272,umap,1278,0.10954616588419408,0.26394052044609667,13,33,exact_dedup_clean,0.6567167516703265,0.6572826308246908
0.8922558922558923,0.6495793879138455,0.6470964593859131,0.24279457418290565,0.24182566792685212,0.5177561270199762,0.5179742124869,M_new,100,0.006496893820837513,1.0602992957746482,0.8976324158204487,0.8978937814964473,60,3564,0.1077441077441077,random_reject_same_coverage,4842,0.6567167516703265,0.6569621268986423,0.6567534076827757,umap,1278,0.11424100156494521,0.26394052044609667,14,33,exact_dedup_clean,0.6567167516703265,0.6569621268986423
0.8922558922558923,0.6495793879138455,0.6485050993667651,0.24279457418290565,0.2441074859265661,0.5177561270199762,0.5190761273999098,M_new,100,0.008061839047754593,1.0748239436619724,0.8976324158204487,0.8997539881530063,60,3564,0.1077441077441077,random_reject_same_coverage,4842,0.6567167516703265,0.6583463526231704,0.6567534076827757,umap,1278,0.11580594679186229,0.26394052044609667,15,33,exact_dedup_clean,0.6567167516703265,0.6583463526231704
0.8874859708193041,0.6495793879138455,0.6473052780968833,0.24279457418290565,0.2422522863554192,0.5177561270199762,0.5181487132125545,M_new,100,-0.010010116817628534,0.9110322784587829,0.8976324158204487,0.898135987529798,60,3564,0.11251402918069586,random_reject_same_coverage,4842,0.6567167516703265,0.6571673138663813,0.6532424617926477,umap,1278,0.10250391236306733,0.26394052044609667,16,33,exact_dedup_clean,0.6567167516703265,0.6571673138663813
0.8891694725028059,0.6495793879138455,0.6477549547993504,0.24279457418290565,0.2440182763532277,0.5177561270199762,0.518778173594945,M_new,100,-0.0051967246802927525,0.9531110714922446,0.8976324158204487,0.8979196801143534,60,3564,0.11083052749719413,random_reject_same_coverage,4842,0.6567167516703265,0.6576153559702738,0.6544816191656341,umap,1278,0.10563380281690138,0.26394052044609667,17,33,exact_dedup_clean,0.6567167516703265,0.6576153559702738
0.8894500561167228,0.6495793879138455,0.6468435617642929,0.24279457418290565,0.24137015579954013,0.5177561270199762,0.5177387380489147,M_new,100,-0.0025687232260002135,0.976764138128262,0.8976324158204487,0.8977431952418213,60,3564,0.11054994388327721,random_reject_same_coverage,4842,0.6567167516703265,0.6567324076202576,0.6546881453944651,umap,1278,0.107981220657277,0.26394052044609667,18,33,exact_dedup_clean,0.6567167516703265,0.6567324076202578
0.8874859708193041,0.6495793879138455,0.64728283451143,0.24279457418290565,0.2422705314763697,0.5177561270199762,0.518401598313202,M_new,100,-0.011575062044545614,0.8971233887113202,0.8976324158204487,0.8973151470460046,60,3564,0.11251402918069586,random_reject_same_coverage,4842,0.6567167516703265,0.6571506735992845,0.6532424617926477,umap,1278,0.10093896713615025,0.26394052044609667,19,33,exact_dedup_clean,0.6567167516703265,0.6571506735992845
0.8835429196282122,0.6482085560772282,0.6448772507699245,0.24437440752217104,0.24166699612393006,0.5170290661356046,0.5160068796032955,M_new,100,-0.002436810101517528,0.9790754663113823,0.8948251085496028,0.8948091771141933,60,3658,0.11645708037178781,random_reject_same_coverage,4842,0.6553801356025264,0.6545540634083482,0.6674927715819909,umap,1184,0.11402027027027029,0.24452705493597687,0,44,exact_dedup_clean,0.6553801356025264,0.6545540634083482
0.891470749043193,0.6482085560772282,0.6478938557440906,0.24437440752217104,0.2442061293924539,0.5170290661356046,0.5187245229622292,M_new,100,0.024072100394544327,1.2218028797059022,0.8948251085496028,0.8976905988134852,60,3658,0.10852925095680699,random_reject_same_coverage,4842,0.6553801356025264,0.6575108108891513,0.6734820322180917,umap,1184,0.13260135135135132,0.24452705493597687,1,44,exact_dedup_clean,0.6553801356025264,0.6575108108891512
0.88627665390924,0.6482085560772282,0.6449353735288047,0.24437440752217104,0.24225955599909937,0.5170290661356046,0.5163193015792761,M_new,100,0.002830707963294099,1.0248911772349274,0.8948251085496028,0.8940749751366834,60,3658,0.11372334609075996,random_reject_same_coverage,4842,0.6553801356025264,0.6546086783576033,0.6695580338703015,umap,1184,0.11655405405405406,0.24452705493597687,2,44,exact_dedup_clean,0.6553801356025264,0.6546086783576032
0.887643521049754,0.6482085560772282,0.6475021470256302,0.24437440752217104,0.24672270568472887,0.5170290661356046,0.5187583937227088,M_new,100,0.008420548076780943,1.074944926678503,0.8948251085496028,0.8962053499029434,60,3658,0.11235647895024603,random_reject_same_coverage,4842,0.6553801356025264,0.6571391667889244,0.6705906650144569,umap,1184,0.12077702702702697,0.24452705493597687,3,44,exact_dedup_clean,0.6553801356025264,0.6571391667889243
0.8870967741935484,0.6482085560772282,0.6450202716071759,0.24437440752217104,0.24204957324952356,0.5170290661356046,0.5159300854619625,M_new,100,0.006184612031386205,1.054777992277992,0.8948251085496028,0.8955461991543756,60,3658,0.11290322580645162,random_reject_same_coverage,4842,0.6553801356025264,0.6546893236544069,0.6701776125567948,umap,1184,0.11908783783783783,0.24452705493597687,4,44,exact_dedup_clean,0.6553801356025264,0.6546893236544069
0.8854565336249317,0.6482085560772282,0.6451203035744845,0.24437440752217104,0.24228621017436427,0.5170290661356046,0.5163050029389665,M_new,100,-0.0005231961047980072,0.9954323356769663,0.8948251085496028,0.8948349670864918,60,3658,0.11454346637506829,random_reject_same_coverage,4842,0.6553801356025264,0.6548007711852228,0.6689384551838083,umap,1184,0.11402027027027029,0.24452705493597687,5,44,exact_dedup_clean,0.6553801356025264,0.6548007711852228
0.8860032804811372,0.6482085560772282,0.646280104906059,0.24437440752217104,0.2449456135103411,0.5170290661356046,0.5173362523828311,M_new,100,0.0017127399405966193,1.0150244669129556,0.8948251085496028,0.8959216085959694,60,3658,0.11399671951886281,random_reject_same_coverage,4842,0.6553801356025264,0.6559209613719446,0.6693515076414704,umap,1184,0.11570945945945943,0.24452705493597687,6,44,exact_dedup_clean,0.6553801356025264,0.6559209613719447
0.8835429196282122,0.6482085560772282,0.6448042428978507,0.24437440752217104,0.24342088022738836,0.5170290661356046,0.5164788463839507,M_new,100,-0.0083489722636797,0.9283085902804217,0.8948251085496028,0.8931313541108783,60,3658,0.11645708037178781,random_reject_same_coverage,4842,0.6553801356025264,0.654483702343518,0.6674927715819909,umap,1184,0.10810810810810811,0.24452705493597687,7,44,exact_dedup_clean,0.6553801356025264,0.6544837023435179
0.8846364133406233,0.6482085560772282,0.6475837168050831,0.24437440752217104,0.2445341860350179,0.5170290661356046,0.5184662641189809,M_new,100,-0.0038771001728902243,0.9663923402075061,0.8948251085496028,0.8972251924849898,60,3658,0.11536358665937674,random_reject_same_coverage,4842,0.6553801356025264,0.657178499525631,0.6683188764973151,umap,1184,0.11148648648648651,0.24452705493597687,8,44,exact_dedup_clean,0.6553801356025264,0.657178499525631
0.8843630399125205,0.6482085560772282,0.6456698802552678,0.24437440752217104,0.24378464629109872,0.5170290661356046,0.5169703002182463,M_new,100,-0.004995068195587593,0.9568038783464317,0.8948251085496028,0.8948514292145485,60,3658,0.11563696008747948,random_reject_same_coverage,4842,0.6553801356025264,0.65533998006622,0.6681123502684841,umap,1184,0.11064189189189189,0.24452705493597687,9,44,exact_dedup_clean,0.6553801356025264,0.6553399800662199
0.88627665390924,0.6482085560772282,0.6468836530613447,0.24437440752217104,0.24664294052806504,0.5170290661356046,0.5183237822350139,M_new,100,0.002830707963294099,1.0248911772349274,0.8948251085496028,0.8951463131099674,60,3658,0.11372334609075996,random_reject_same_coverage,4842,0.6553801356025264,0.6565057502000354,0.6695580338703015,umap,1184,0.11655405405405406,0.24452705493597687,10,44,exact_dedup_clean,0.6553801356025264,0.6565057502000354
0.882449425915801,0.6482085560772282,0.6432132482993611,0.24437440752217104,0.24254696959912764,0.5170290661356046,0.5152989187830688,M_new,100,-0.012820844354469285,0.8909333752357008,0.8948251085496028,0.8909841306514285,60,3658,0.117550574084199,random_reject_same_coverage,4842,0.6553801356025264,0.6529598139751152,0.6666666666666666,umap,1184,0.10472972972972971,0.24452705493597687,11,44,exact_dedup_clean,0.6553801356025264,0.6529598139751154
0.8901038819026791,0.6482085560772282,0.6483057642744137,0.24437440752217104,0.24801163057400438,0.5170290661356046,0.5193266563799541,M_new,100,0.018482260281057483,1.1681793734032544,0.8948251085496028,0.8973147360196039,60,3658,0.10989611809732092,random_reject_same_coverage,4842,0.6553801356025264,0.6578933300659744,0.6724494010739364,umap,1184,0.1283783783783784,0.24452705493597687,12,44,exact_dedup_clean,0.6553801356025264,0.6578933300659745
0.8920174958993986,0.6482085560772282,0.6476454194265164,0.24437440752217104,0.24371863857445822,0.5170290661356046,0.5181221654367927,M_new,100,0.026308036439939175,1.2436323982210065,0.8948251085496028,0.8985468236518589,60,3658,0.1079825041006014,random_reject_same_coverage,4842,0.6553801356025264,0.6572559004292846,0.6738950846757539,umap,1184,0.13429054054054057,0.24452705493597687,13,44,exact_dedup_clean,0.6553801356025264,0.6572559004292846
0.8846364133406233,0.6482085560772282,0.6466038936998865,0.24437440752217104,0.24557242689296668,0.5170290661356046,0.5182588293644879,M_new,100,-0.0038771001728902243,0.9663923402075061,0.8948251085496028,0.8943456522457015,60,3658,0.11536358665937674,random_reject_same_coverage,4842,0.6553801356025264,0.656238227775892,0.6683188764973151,umap,1184,0.11148648648648651,0.24452705493597687,14,44,exact_dedup_clean,0.6553801356025264,0.6562382277758919
0.8909240021869874,0.6482085560772282,0.6455924120642502,0.24437440752217104,0.24229568965406545,0.5170290661356046,0.5164897644814626,M_new,100,0.02183616434914959,1.2001922034816772,0.8948251085496028,0.8960358610073174,60,3658,0.10907599781301258,random_reject_same_coverage,4842,0.6553801356025264,0.6552707327464906,0.6730689797604296,umap,1184,0.13091216216216217,0.24452705493597687,15,44,exact_dedup_clean,0.6553801356025264,0.6552707327464905
0.8832695462001093,0.6482085560772282,0.6454319207183429,0.24437440752217104,0.2434669091108263,0.5170290661356046,0.5169513932449001,M_new,100,-0.009466940286377179,0.9188991391860241,0.8948251085496028,0.8940349306237677,60,3658,0.11673045379989067,random_reject_same_coverage,4842,0.6553801356025264,0.6551057160190911,0.6672862453531598,umap,1184,0.10726351351351349,0.24452705493597687,16,44,exact_dedup_clean,0.6553801356025264,0.6551057160190911
0.8821760524876981,0.6482085560772282,0.6440028178672643,0.24437440752217104,0.24061188768088637,0.5170290661356046,0.5155784151220306,M_new,100,-0.013938812377166765,0.8816979682698932,0.8948251085496028,0.892903627957748,60,3658,0.11782394751230185,random_reject_same_coverage,4842,0.6553801356025264,0.6536992638579082,0.6664601404378356,umap,1184,0.10388513513513509,0.24452705493597687,17,44,exact_dedup_clean,0.6553801356025264,0.6536992638579082
0.8865500273373428,0.6482085560772282,0.6460081138866535,0.24437440752217104,0.24312272045356004,0.5170290661356046,0.5167198872284857,M_new,100,0.011550027337342783,1.1018072289156624,0.8948251085496028,0.8967623731324318,60,3658,0.11344997266265722,random_reject_same_coverage,4842,0.6553801356025264,0.6556501843856484,0.6697645600991325,umap,1184,0.125,0.24452705493597687,18,44,exact_dedup_clean,0.6553801356025264,0.6556501843856486
0.8846364133406233,0.6482085560772282,0.6460037721145709,0.24437440752217104,0.24448778771620006,0.5170290661356046,0.5176763154073741,M_new,100,-0.0038771001728902243,0.9663923402075061,0.8948251085496028,0.8939495000012515,60,3658,0.11536358665937674,random_reject_same_coverage,4842,0.6553801356025264,0.655664522806919,0.6683188764973151,umap,1184,0.11148648648648651,0.24452705493597687,19,44,exact_dedup_clean,0.6553801356025264,0.655664522806919
0.8937463810075275,0.6481247294801155,0.6466606446611539,0.24725342030223882,0.24922127490297077,0.5165006268223475,0.5176128763438199,M_new,100,0.008299695128564877,1.0781121170955397,0.8960331858386521,0.8986355759398001,60,3454,0.10625361899247254,random_reject_same_coverage,4842,0.6552787593345331,0.6568696961286202,0.637546468401487,umap,1388,0.11455331412103742,0.28665840561751343,0,55,exact_dedup_clean,0.6552787593345332,0.6568696961286203
0.8920092646207296,0.6481247294801155,0.6453098327350718,0.24725342030223882,0.24636613553104572,0.5165006268223475,0.5168917871680271,M_new,100,0.00223981217116187,1.0207407808021263,0.8960331858386521,0.8958935406449817,60,3454,0.1079907353792704,random_reject_same_coverage,4842,0.6552787593345331,0.655556090822551,0.6363073110285006,umap,1388,0.11023054755043227,0.28665840561751343,1,55,exact_dedup_clean,0.6552787593345332,0.6555560908225511
0.8879559930515345,0.6481247294801155,0.6447486738439397,0.24725342030223882,0.2475928600290625,0.5165006268223475,0.5168628807988902,M_new,100,-0.011899914729445293,0.893792492311359,0.8960331858386521,0.8939545214353594,60,3454,0.1120440069484655,random_reject_same_coverage,4842,0.6552787593345331,0.6550130562899802,0.6334159438248658,umap,1388,0.10014409221902021,0.28665840561751343,2,55,exact_dedup_clean,0.6552787593345332,0.6550130562899802
0.8922987840185292,0.6481247294801155,0.6467143876663325,0.24725342030223882,0.24818209069692052,0.5165006268223475,0.5178849600154781,M_new,100,0.0032497926640623342,1.030174150165783,0.8960331858386521,0.8981050020161604,60,3454,0.10770121598147075,random_reject_same_coverage,4842,0.6552787593345331,0.6569468506563434,0.6365138372573317,umap,1388,0.11095100864553309,0.28665840561751343,3,55,exact_dedup_clean,0.6552787593345332,0.6569468506563435
0.8894035900405327,0.6481247294801155,0.6442140348328566,0.24725342030223882,0.2453167940383412,0.5165006268223475,0.5154480479625826,M_new,100,-0.003968167884539353,0.9641202830544531,0.8960331858386521,0.8961943823601,60,3454,0.11059640995946729,random_reject_same_coverage,4842,0.6552787593345331,0.6544740156003276,0.6344485749690211,umap,1388,0.10662824207492794,0.28665840561751343,4,55,exact_dedup_clean,0.6552787593345332,0.6544740156003277
0.8960625361899247,0.6481247294801155,0.6492372361622541,0.24725342030223882,0.2501800938841866,0.5165006268223475,0.5198429145032212,M_new,100,0.016379539071769034,1.1575903285623683,0.8960331858386521,0.9011390217343328,60,3454,0.10393746381007529,random_reject_same_coverage,4842,0.6552787593345331,0.6593338359688246,0.6391986782321355,umap,1388,0.12031700288184433,0.28665840561751343,5,55,exact_dedup_clean,0.6552787593345332,0.6593338359688247
0.8925883034163289,0.6481247294801155,0.6466122873084571,0.24725342030223882,0.24598417282311294,0.5165006268223475,0.5174170049618221,M_new,100,0.004259773156962909,1.0396583732726412,0.8960331858386521,0.8990042393299132,60,3454,0.10741169658367111,random_reject_same_coverage,4842,0.6552787593345331,0.6568103702718221,0.6367203634861628,umap,1388,0.11167146974063402,0.28665840561751343,6,55,exact_dedup_clean,0.6552787593345332,0.656810370271822
0.8922987840185292,0.6481247294801155,0.6475861842085897,0.24725342030223882,0.24708059352321965,0.5165006268223475,0.5186884065530486,M_new,100,0.0032497926640623342,1.030174150165783,0.8960331858386521,0.8987593795439219,60,3454,0.10770121598147075,random_reject_same_coverage,4842,0.6552787593345331,0.6577682437726865,0.6365138372573317,umap,1388,0.11095100864553309,0.28665840561751343,7,55,exact_dedup_clean,0.6552787593345332,0.6577682437726866
0.8928778228141285,0.6481247294801155,0.6473382985868477,0.24725342030223882,0.2500414357993985,0.5165006268223475,0.5187356279298758,M_new,100,0.008151598030266882,1.0760962691798428,0.8960331858386521,0.8976187231542486,60,3454,0.10712217718587147,random_reject_same_coverage,4842,0.6552787593345331,0.6575004505625678,0.6369268897149938,umap,1388,0.11527377521613835,0.28665840561751343,8,55,exact_dedup_clean,0.6552787593345332,0.6575004505625677
0.8922987840185292,0.6481247294801155,0.6471489549829983,0.24725342030223882,0.2486935607450543,0.5165006268223475,0.5183824052550597,M_new,100,0.0032497926640623342,1.030174150165783,0.8960331858386521,0.898066662071581,60,3454,0.10770121598147075,random_reject_same_coverage,4842,0.6552787593345331,0.6573366697084246,0.6365138372573317,umap,1388,0.11095100864553309,0.28665840561751343,9,55,exact_dedup_clean,0.6552787593345332,0.6573366697084246
0.8885350318471338,0.6481247294801155,0.644654179817266,0.24725342030223882,0.2471615988760638,0.5165006268223475,0.5164649493395982,M_new,100,-0.009879953743644365,0.9113627006998762,0.8960331858386521,0.894827477592655,60,3454,0.11146496815286622,random_reject_same_coverage,4842,0.6552787593345331,0.654927382962221,0.6338289962825279,umap,1388,0.10158501440922185,0.28665840561751343,10,55,exact_dedup_clean,0.6552787593345332,0.654927382962221
0.8865083960625362,0.6481247294801155,0.6434128246205689,0.24725342030223882,0.24562256450822884,0.5165006268223475,0.5153187309487705,M_new,100,-0.016949817193947947,0.8506513556431219,0.8960331858386521,0.8937377085538918,60,3454,0.11349160393746383,random_reject_same_coverage,4842,0.6552787593345331,0.6537137461088668,0.6323833126807105,umap,1388,0.09654178674351588,0.28665840561751343,11,55,exact_dedup_clean,0.6552787593345332,0.6537137461088667
0.8986682107701216,0.6481247294801155,0.648765008850332,0.24725342030223882,0.2518574042606613,0.5165006268223475,0.5200485538326899,M_new,100,0.025469363507873766,1.2513462330177028,0.8960331858386521,0.8988712909450467,60,3454,0.1013317892298784,random_reject_same_coverage,4842,0.6552787593345331,0.658890939693522,0.641057414291615,umap,1388,0.12680115273775217,0.28665840561751343,12,55,exact_dedup_clean,0.6552787593345332,0.658890939693522
0.8920092646207296,0.6481247294801155,0.6484605939602326,0.24725342030223882,0.2518436567643363,0.5165006268223475,0.5200125243463971,M_new,100,0.00223981217116187,1.0207407808021263,0.8960331858386521,0.8979156532120054,60,3454,0.1079907353792704,random_reject_same_coverage,4842,0.6552787593345331,0.6586051294656452,0.6363073110285006,umap,1388,0.11023054755043227,0.28665840561751343,13,55,exact_dedup_clean,0.6552787593345332,0.6586051294656452
0.890851187029531,0.6481247294801155,0.6435940064427983,0.24725342030223882,0.24163709692590102,0.5165006268223475,0.514970475003178,M_new,100,0.0010817345799633005,1.0099106398917592,0.8960331858386521,0.8954648639038473,60,3454,0.10914881297046897,random_reject_same_coverage,4842,0.6552787593345331,0.6538945155338571,0.6354812061131764,umap,1388,0.11023054755043227,0.28665840561751343,14,55,exact_dedup_clean,0.6552787593345332,0.6538945155338571
0.8873769542559351,0.6481247294801155,0.643771508832301,0.24725342030223882,0.2442558181996076,0.5165006268223475,0.5153341453968784,M_new,100,-0.013919875715246444,0.8764029544461152,0.8960331858386521,0.8949483883086022,60,3454,0.1126230457440649,random_reject_same_coverage,4842,0.6552787593345331,0.6540497408721966,0.6330028913672037,umap,1388,0.09870317002881845,0.28665840561751343,15,55,exact_dedup_clean,0.6552787593345332,0.6540497408721965
0.8980891719745223,0.6481247294801155,0.648766950854156,0.24725342030223882,0.24910889107468517,0.5165006268223475,0.5191392936266692,M_new,100,0.023449402522072726,1.2300972622478388,0.8960331858386521,0.9015440283436366,60,3454,0.10191082802547768,random_reject_same_coverage,4842,0.6552787593345331,0.6588757998489966,0.6406443618339529,umap,1388,0.1253602305475504,0.28665840561751343,16,55,exact_dedup_clean,0.6552787593345332,0.6588757998489965
0.8925883034163289,0.6481247294801155,0.6449210353815242,0.24725342030223882,0.24439280526951213,0.5165006268223475,0.516294197570358,M_new,100,0.004259773156962909,1.0396583732726412,0.8960331858386521,0.896272497349793,60,3454,0.10741169658367111,random_reject_same_coverage,4842,0.6552787593345331,0.6551765541233433,0.6367203634861628,umap,1388,0.11167146974063402,0.28665840561751343,17,55,exact_dedup_clean,0.6552787593345332,0.6551765541233432
0.8969310943833236,0.6481247294801155,0.6470010419511976,0.24725342030223882,0.2470899369054793,0.5165006268223475,0.5174733893560354,M_new,100,0.019409480550470648,1.188315578149791,0.8960331858386521,0.9001647633321771,60,3454,0.10306890561667637,random_reject_same_coverage,4842,0.6552787593345331,0.6571653142617178,0.6398182569186287,umap,1388,0.12247838616714701,0.28665840561751343,18,55,exact_dedup_clean,0.6552787593345332,0.6571653142617178
0.8905616676317313,0.6481247294801155,0.6457570479537895,0.24725342030223882,0.24504795154660505,0.5165006268223475,0.5169484226389283,M_new,100,-0.0028100902933407834,0.974322614092066,0.8960331858386521,0.8972425374220863,60,3454,0.10943833236826872,random_reject_same_coverage,4842,0.6552787593345331,0.6559624938132619,0.6352746798843453,umap,1388,0.10662824207492794,0.28665840561751343,19,55,exact_dedup_clean,0.6552787593345332,0.6559624938132619
0.9995962858296327,0.49365025138197327,0.4917938018568091,0.09666995160252993,0.0961816742017166,0.3320976226945576,0.33244465490179426,G_new,100,0.0011924550235672404,3.9537110933764135,0.9970028990305675,0.9986123130603384,60,2477,0.0004037141703673308,random_reject_same_coverage,3730,0.4982351404961824,0.4988266224311916,0.6638069705093834,umap,1253,0.0015961691939345712,0.33592493297587134,0,11,exact_dedup_clean,0.4982351404961824,0.49882662243119164
1.0,0.49365025138197327,0.4945259339632913,0.09666995160252993,0.09817906499186871,0.3320976226945576,0.3346916178694524,G_new,100,0.002394253790901857,nan,0.9970028990305675,0.9999999999999997,60,2477,0.0,random_reject_same_coverage,3730,0.4982351404961824,0.5015265150218227,0.6640750670241287,umap,1253,0.002394253790901857,0.33592493297587134,1,11,exact_dedup_clean,0.4982351404961824,0.5015265150218227
0.9995962858296327,0.49365025138197327,0.49270711970187936,0.09666995160252993,0.09701618021480675,0.3320976226945576,0.33323354125379606,G_new,100,0.0011924550235672404,3.9537110933764135,0.9970028990305675,0.9986158417707826,60,2477,0.0004037141703673308,random_reject_same_coverage,3730,0.4982351404961824,0.4997146036884521,0.6638069705093834,umap,1253,0.0015961691939345712,0.33592493297587134,2,11,exact_dedup_clean,0.4982351404961824,0.4997146036884521
0.9991925716592652,0.49365025138197327,0.4912524986016416,0.09666995160252993,0.09667159251342593,0.3320976226945576,0.33214563020071297,G_new,100,-9.343743767487034e-06,0.9884277733439675,0.9970028990305675,0.9971816359696762,60,2477,0.0008074283407347727,random_reject_same_coverage,3730,0.4982351404961824,0.49831148631727923,0.6635388739946381,umap,1253,0.0007980845969672856,0.33592493297587134,3,11,exact_dedup_clean,0.4982351404961824,0.4983114863172793
0.9991925716592652,0.49365025138197327,0.49313154345851734,0.09666995160252993,0.09775130095805594,0.3320976226945576,0.33376751076920524,G_new,100,-9.343743767487034e-06,0.9884277733439675,0.9970028990305675,0.9973332416172239,60,2477,0.0008074283407347727,random_reject_same_coverage,3730,0.4982351404961824,0.5001536252836949,0.6635388739946381,umap,1253,0.0007980845969672856,0.33592493297587134,4,11,exact_dedup_clean,0.4982351404961824,0.5001536252836948
0.9991925716592652,0.49365025138197327,0.4909972878972722,0.09666995160252993,0.09567715070005553,0.3320976226945576,0.3318895185216052,G_new,100,-9.343743767487034e-06,0.9884277733439675,0.9970028990305675,0.9973039283770424,60,2477,0.0008074283407347727,random_reject_same_coverage,3730,0.4982351404961824,0.49803844787387175,0.6635388739946381,umap,1253,0.0007980845969672856,0.33592493297587134,5,11,exact_dedup_clean,0.4982351404961824,0.49803844787387186
0.9987888574888979,0.49365025138197327,0.4905840276758616,0.09666995160252993,0.09655279596892412,0.3320976226945576,0.33170737200568406,G_new,100,-0.0012111425111021035,0.0,0.9970028990305675,0.9957883299799227,60,2477,0.0012111425111021035,random_reject_same_coverage,3730,0.4982351404961824,0.49764429296080753,0.6632707774798927,umap,1253,0.0,0.33592493297587134,6,11,exact_dedup_clean,0.4982351404961824,0.4976442929608076
0.9991925716592652,0.49365025138197327,0.4927056953425388,0.09666995160252993,0.09739854886260717,0.3320976226945576,0.33338668034873764,G_new,100,-9.343743767487034e-06,0.9884277733439675,0.9970028990305675,0.9972401283550761,60,2477,0.0008074283407347727,random_reject_same_coverage,3730,0.4982351404961824,0.49971423050871683,0.6635388739946381,umap,1253,0.0007980845969672856,0.33592493297587134,7,11,exact_dedup_clean,0.4982351404961824,0.4997142305087167
0.9991925716592652,0.49365025138197327,0.49285565866160297,0.09666995160252993,0.09758486968559636,0.3320976226945576,0.3335112624730879,G_new,100,-9.343743767487034e-06,0.9884277733439675,0.9970028990305675,0.9973728010809322,60,2477,0.0008074283407347727,random_reject_same_coverage,3730,0.4982351404961824,0.49987083195894033,0.6635388739946381,umap,1253,0.0007980845969672856,0.33592493297587134,8,11,exact_dedup_clean,0.4982351404961824,0.4998708319589404
0.9991925716592652,0.49365025138197327,0.4923282656783401,0.09666995160252993,0.09717853435609512,0.3320976226945576,0.3330567244940051,G_new,100,-9.343743767487034e-06,0.9884277733439675,0.9970028990305675,0.9972251057657575,60,2477,0.0008074283407347727,random_reject_same_coverage,3730,0.4982351404961824,0.49934159777958603,0.6635388739946381,umap,1253,0.0007980845969672856,0.33592493297587134,9,11,exact_dedup_clean,0.4982351404961824,0.4993415977795861
0.9991925716592652,0.49365025138197327,0.49129224262768967,0.09666995160252993,0.09613139275917346,0.3320976226945576,0.332127080736342,G_new,100,-9.343743767487034e-06,0.9884277733439675,0.9970028990305675,0.9974314691525978,60,2477,0.0008074283407347727,random_reject_same_coverage,3730,0.4982351404961824,0.49832179577482305,0.6635388739946381,umap,1253,0.0007980845969672856,0.33592493297587134,10,11,exact_dedup_clean,0.4982351404961824,0.4983217957748231
0.9987888574888979,0.49365025138197327,0.4917087638824809,0.09666995160252993,0.09700207084251694,0.3320976226945576,0.33265871697187904,G_new,100,-0.0012111425111021035,0.0,0.9970028990305675,0.9958235578751251,60,2477,0.0012111425111021035,random_reject_same_coverage,3730,0.4982351404961824,0.4987185653361642,0.6632707774798927,umap,1253,0.0,0.33592493297587134,11,11,exact_dedup_clean,0.4982351404961824,0.4987185653361642
0.9995962858296327,0.49365025138197327,0.48986256589286964,0.09666995160252993,0.09447609937904189,0.3320976226945576,0.3307639239586761,G_new,100,0.0011924550235672404,3.9537110933764135,0.9970028990305675,0.9985974908450596,60,2477,0.0004037141703673308,random_reject_same_coverage,3730,0.4982351404961824,0.496930361975287,0.6638069705093834,umap,1253,0.0015961691939345712,0.33592493297587134,12,11,exact_dedup_clean,0.4982351404961824,0.49693036197528706
0.9995962858296327,0.49365025138197327,0.4912072760816926,0.09666995160252993,0.09625749221724368,0.3320976226945576,0.33194102193945574,G_new,100,0.0011924550235672404,3.9537110933764135,0.9970028990305675,0.9985852200168012,60,2477,0.0004037141703673308,random_reject_same_coverage,3730,0.4982351404961824,0.498256085409717,0.6638069705093834,umap,1253,0.0015961691939345712,0.33592493297587134,13,11,exact_dedup_clean,0.4982351404961824,0.498256085409717
0.9991925716592652,0.49365025138197327,0.49246202927801225,0.09666995160252993,0.09750565519515605,0.3320976226945576,0.3331899978248815,G_new,100,-9.343743767487034e-06,0.9884277733439675,0.9970028990305675,0.997206897332066,60,2477,0.0008074283407347727,random_reject_same_coverage,3730,0.4982351404961824,0.4994890850430482,0.6635388739946381,umap,1253,0.0007980845969672856,0.33592493297587134,14,11,exact_dedup_clean,0.4982351404961824,0.4994890850430482
0.9987888574888979,0.49365025138197327,0.49184882463416024,0.09666995160252993,0.09777517890908617,0.3320976226945576,0.3328070092897006,G_new,100,-0.0012111425111021035,0.0,0.9970028990305675,0.9958810312701531,60,2477,0.0012111425111021035,random_reject_same_coverage,3730,0.4982351404961824,0.49889240740920504,0.6632707774798927,umap,1253,0.0,0.33592493297587134,15,11,exact_dedup_clean,0.4982351404961824,0.49889240740920504
0.9987888574888979,0.49365025138197327,0.4896166258928876,0.09666995160252993,0.0955256739309811,0.3320976226945576,0.33084386917073083,G_new,100,-0.0012111425111021035,0.0,0.9970028990305675,0.9958831273295088,60,2477,0.0012111425111021035,random_reject_same_coverage,3730,0.4982351404961824,0.4966836854253802,0.6632707774798927,umap,1253,0.0,0.33592493297587134,16,11,exact_dedup_clean,0.4982351404961824,0.4966836854253802
1.0,0.49365025138197327,0.49232948556560324,0.09666995160252993,0.09639551291990534,0.3320976226945576,0.3327607360192522,G_new,100,0.002394253790901857,nan,0.9970028990305675,1.0,60,2477,0.0,random_reject_same_coverage,3730,0.4982351404961824,0.4993555512644475,0.6640750670241287,umap,1253,0.002394253790901857,0.33592493297587134,17,11,exact_dedup_clean,0.4982351404961824,0.4993555512644475
0.9987888574888979,0.49365025138197327,0.49186369891526094,0.09666995160252993,0.09758167251767384,0.3320976226945576,0.33282433534984956,G_new,100,-0.0012111425111021035,0.0,0.9970028990305675,0.9958893735181871,60,2477,0.0012111425111021035,random_reject_same_coverage,3730,0.4982351404961824,0.49891292098663487,0.6632707774798927,umap,1253,0.0,0.33592493297587134,18,11,exact_dedup_clean,0.4982351404961824,0.4989129209866348
0.9987888574888979,0.49365025138197327,0.4899253624710778,0.09666995160252993,0.09541650899958727,0.3320976226945576,0.3310931640358535,G_new,100,-0.0012111425111021035,0.0,0.9970028990305675,0.995905629563267,60,2477,0.0012111425111021035,random_reject_same_coverage,3730,0.4982351404961824,0.49696736359329763,0.6632707774798927,umap,1253,0.0,0.33592493297587134,19,11,exact_dedup_clean,0.4982351404961824,0.4969673635932976
0.9979278905926233,0.4940625943897432,0.4923641566450484,0.09944697639354723,0.10019332540699319,0.33267290800262966,0.33370989493743136,G_new,100,-0.0020721094073766766,0.0,0.9952103682012075,0.9932452404635855,60,2413,0.0020721094073766766,random_reject_same_coverage,3730,0.49865757510005876,0.4995734309314658,0.6455764075067024,umap,1317,0.0,0.35308310991957104,0,22,exact_dedup_clean,0.49865757510005876,0.49957343093146583
0.9991711562370493,0.4940625943897432,0.4922710870281221,0.09944697639354723,0.0998131385773488,0.33267290800262966,0.33324821623943973,G_new,100,0.0014490605650675503,2.7482915717540273,0.9952103682012075,0.9970750777868211,60,2413,0.0008288437629506706,random_reject_same_coverage,3730,0.49865757510005876,0.4995379583614201,0.6463806970509384,umap,1317,0.002277904328018221,0.35308310991957104,1,22,exact_dedup_clean,0.49865757510005876,0.49953795836142006
0.9991711562370493,0.4940625943897432,0.49315704089963297,0.09944697639354723,0.10000311714833293,0.33267290800262966,0.33400607160237017,G_new,100,0.0014490605650675503,2.7482915717540273,0.9952103682012075,0.997066505856703,60,2413,0.0008288437629506706,random_reject_same_coverage,3730,0.49865757510005876,0.5003878411847735,0.6463806970509384,umap,1317,0.002277904328018221,0.35308310991957104,2,22,exact_dedup_clean,0.49865757510005876,0.5003878411847735
0.9983423124740987,0.4940625943897432,0.48938773030655397,0.09944697639354723,0.09783705108532259,0.33267290800262966,0.3310216440240611,G_new,100,-0.000898386083228564,0.4580485952923602,0.9952103682012075,0.9942285076382038,60,2413,0.0016576875259013413,random_reject_same_coverage,3730,0.49865757510005876,0.49667778527877465,0.6458445040214478,umap,1317,0.0007593014426727773,0.35308310991957104,3,22,exact_dedup_clean,0.49865757510005876,0.4966777852787746
0.998756734355574,0.4940625943897432,0.4939168698604276,0.09944697639354723,0.10070530942918694,0.33267290800262966,0.3347917668797948,G_new,100,0.0002753372409194377,1.221462920779538,0.9952103682012075,0.9957177084223664,60,2413,0.001243265644426006,random_reject_same_coverage,3730,0.49865757510005876,0.5010984094502869,0.646112600536193,umap,1317,0.0015186028853454436,0.35308310991957104,4,22,exact_dedup_clean,0.49865757510005876,0.5010984094502869
0.998756734355574,0.4940625943897432,0.4901183798595331,0.09944697639354723,0.09665798179549835,0.33267290800262966,0.33143385378064727,G_new,100,0.0002753372409194377,1.221462920779538,0.9952103682012075,0.9961074212100623,60,2413,0.001243265644426006,random_reject_same_coverage,3730,0.49865757510005876,0.49737620608965816,0.646112600536193,umap,1317,0.0015186028853454436,0.35308310991957104,5,22,exact_dedup_clean,0.49865757510005876,0.49737620608965827
0.9979278905926233,0.4940625943897432,0.4924500395004712,0.09944697639354723,0.10123702958433405,0.33267290800262966,0.3338108563967585,G_new,100,-0.0020721094073766766,0.0,0.9952103682012075,0.9932719257145958,60,2413,0.0020721094073766766,random_reject_same_coverage,3730,0.49865757510005876,0.4996899313698208,0.6455764075067024,umap,1317,0.0,0.35308310991957104,6,22,exact_dedup_clean,0.49865757510005876,0.49968993136982076
0.9991711562370493,0.4940625943897432,0.4924177643397006,0.09944697639354723,0.0994397011189064,0.33267290800262966,0.3333611355117017,G_new,100,0.0014490605650675503,2.7482915717540273,0.9952103682012075,0.9970785794129037,60,2413,0.0008288437629506706,random_reject_same_coverage,3730,0.49865757510005876,0.4996652515688259,0.6463806970509384,umap,1317,0.002277904328018221,0.35308310991957104,7,22,exact_dedup_clean,0.49865757510005876,0.4996652515688259
0.998756734355574,0.4940625943897432,0.49447283406483383,0.09944697639354723,0.10273426352659237,0.33267290800262966,0.3352950404401931,G_new,100,0.0002753372409194377,1.221462920779538,0.9952103682012075,0.99605264816029,60,2413,0.001243265644426006,random_reject_same_coverage,3730,0.49865757510005876,0.5017044244791348,0.646112600536193,umap,1317,0.0015186028853454436,0.35308310991957104,8,22,exact_dedup_clean,0.49865757510005876,0.5017044244791348
0.998756734355574,0.4940625943897432,0.49329765706474926,0.09944697639354723,0.09991940299775734,0.33267290800262966,0.33423995351500796,G_new,100,0.0002753372409194377,1.221462920779538,0.9952103682012075,0.9960112365013613,60,2413,0.001243265644426006,random_reject_same_coverage,3730,0.49865757510005876,0.500517123212713,0.646112600536193,umap,1317,0.0015186028853454436,0.35308310991957104,9,22,exact_dedup_clean,0.49865757510005876,0.500517123212713
0.9983423124740987,0.4940625943897432,0.49166454254935715,0.09944697639354723,0.10051232894109298,0.33267290800262966,0.33303887633223117,G_new,100,-0.000898386083228564,0.4580485952923602,0.9952103682012075,0.9942013945849598,60,2413,0.0016576875259013413,random_reject_same_coverage,3730,0.49865757510005876,0.49894163484310167,0.6458445040214478,umap,1317,0.0007593014426727773,0.35308310991957104,10,22,exact_dedup_clean,0.49865757510005876,0.4989416348431016
0.9991711562370493,0.4940625943897432,0.49344032092427587,0.09944697639354723,0.10071103724231392,0.33267290800262966,0.33426960455259486,G_new,100,0.0014490605650675503,2.7482915717540273,0.9952103682012075,0.9971517752998182,60,2413,0.0008288437629506706,random_reject_same_coverage,3730,0.49865757510005876,0.5006942725305135,0.6463806970509384,umap,1317,0.002277904328018221,0.35308310991957104,11,22,exact_dedup_clean,0.49865757510005876,0.5006942725305135
0.9983423124740987,0.4940625943897432,0.4912455278821292,0.09944697639354723,0.0991147044846986,0.33267290800262966,0.33261090720265496,G_new,100,-0.000898386083228564,0.4580485952923602,0.9952103682012075,0.9945603869950904,60,2413,0.0016576875259013413,random_reject_same_coverage,3730,0.49865757510005876,0.4985063104250233,0.6458445040214478,umap,1317,0.0007593014426727773,0.35308310991957104,12,22,exact_dedup_clean,0.49865757510005876,0.4985063104250233
0.9979278905926233,0.4940625943897432,0.49082486358388155,0.09944697639354723,0.09988883422995508,0.33267290800262966,0.33242033117588676,G_new,100,-0.0020721094073766766,0.0,0.9952103682012075,0.9932339767390749,60,2413,0.0020721094073766766,random_reject_same_coverage,3730,0.49865757510005876,0.49812559052752114,0.6455764075067024,umap,1317,0.0,0.35308310991957104,13,22,exact_dedup_clean,0.49865757510005876,0.4981255905275211
0.9979278905926233,0.4940625943897432,0.49020536454042546,0.09944697639354723,0.09805256659096126,0.33267290800262966,0.33181875799070215,G_new,100,-0.0020721094073766766,0.0,0.9952103682012075,0.9934109334091299,60,2413,0.0020721094073766766,random_reject_same_coverage,3730,0.49865757510005876,0.49747207482200756,0.6455764075067024,umap,1317,0.0,0.35308310991957104,14,22,exact_dedup_clean,0.49865757510005876,0.49747207482200756
0.998756734355574,0.4940625943897432,0.4917909724044227,0.09944697639354723,0.09910926833037828,0.33267290800262966,0.33290901484272223,G_new,100,0.0002753372409194377,1.221462920779538,0.9952103682012075,0.9961511855204496,60,2413,0.001243265644426006,random_reject_same_coverage,3730,0.49865757510005876,0.499040915852275,0.646112600536193,umap,1317,0.0015186028853454436,0.35308310991957104,15,22,exact_dedup_clean,0.49865757510005876,0.499040915852275
0.9995855781185247,0.4940625943897432,0.4938677817684018,0.09944697639354723,0.09959272169582825,0.33267290800262966,0.3344449797639709,G_new,100,0.002622783889215663,7.328777524677495,0.9952103682012075,0.9986249994086001,60,2413,0.0004144218814753353,random_reject_same_coverage,3730,0.49865757510005876,0.5010766470434019,0.6466487935656836,umap,1317,0.0030372057706909983,0.35308310991957104,16,22,exact_dedup_clean,0.49865757510005876,0.5010766470434018
0.9983423124740987,0.4940625943897432,0.49150192922830066,0.09944697639354723,0.09926115482226025,0.33267290800262966,0.332861869167205,G_new,100,-0.000898386083228564,0.4580485952923602,0.9952103682012075,0.9943928798128097,60,2413,0.0016576875259013413,random_reject_same_coverage,3730,0.49865757510005876,0.49876705721402653,0.6458445040214478,umap,1317,0.0007593014426727773,0.35308310991957104,17,22,exact_dedup_clean,0.49865757510005876,0.49876705721402653
0.998756734355574,0.4940625943897432,0.49261033515459807,0.09944697639354723,0.100831165320211,0.33267290800262966,0.33368655272396913,G_new,100,0.0002753372409194377,1.221462920779538,0.9952103682012075,0.9957118100784363,60,2413,0.001243265644426006,random_reject_same_coverage,3730,0.49865757510005876,0.4998586589368345,0.646112600536193,umap,1317,0.0015186028853454436,0.35308310991957104,18,22,exact_dedup_clean,0.49865757510005876,0.4998586589368345
0.998756734355574,0.4940625943897432,0.4912104654264651,0.09944697639354723,0.09847743709410413,0.33267290800262966,0.3324537320192759,G_new,100,0.0002753372409194377,1.221462920779538,0.9952103682012075,0.995752901060323,60,2413,0.001243265644426006,random_reject_same_coverage,3730,0.49865757510005876,0.4984793177232778,0.646112600536193,umap,1317,0.0015186028853454436,0.35308310991957104,19,22,exact_dedup_clean,0.49865757510005876,0.49847931772327775
0.9987135506003431,0.4942080607354692,0.4925648135309092,0.09790396514338877,0.10000538081705285,0.3325946161416259,0.33388955533250836,G_new,100,-0.0012864493996569415,0.0,0.996998458573678,0.9956963672211202,60,2332,0.0012864493996569415,random_reject_same_coverage,3730,0.4987936924898732,0.500084442318912,0.6243967828418231,umap,1398,0.0,0.374798927613941,0,33,exact_dedup_clean,0.49879369248987326,0.500084442318912
0.9995711835334476,0.4942080607354692,0.49374330478847805,0.09790396514338877,0.09882948026537416,0.3325946161416259,0.33456603289556075,G_new,100,0.001001798697968348,3.3361945636619956,0.996998458573678,0.9985690737444517,60,2332,0.00042881646655235084,random_reject_same_coverage,3730,0.4987936924898732,0.5012054545872667,0.6249329758713137,umap,1398,0.0014306151645206988,0.374798927613941,1,33,exact_dedup_clean,0.49879369248987326,0.5012054545872667
0.9991423670668954,0.4942080607354692,0.4917094285613148,0.09790396514338877,0.09765518339071884,0.3325946161416259,0.3329501070571031,G_new,100,-0.00014232535084424125,0.8340486409156068,0.996998458573678,0.9971396919163164,60,2332,0.0008576329331045907,random_reject_same_coverage,3730,0.4987936924898732,0.499211056923622,0.6246648793565683,umap,1398,0.0007153075822603494,0.374798927613941,2,33,exact_dedup_clean,0.49879369248987326,0.49921105692362194
0.9987135506003431,0.4942080607354692,0.4904609054291877,0.09790396514338877,0.09743374731351556,0.3325946161416259,0.3320206007413428,G_new,100,-0.0012864493996569415,0.0,0.996998458573678,0.9955722857083444,60,2332,0.0012864493996569415,random_reject_same_coverage,3730,0.4987936924898732,0.4979696889854395,0.6243967828418231,umap,1398,0.0,0.374798927613941,3,33,exact_dedup_clean,0.49879369248987326,0.4979696889854395
0.9991423670668954,0.4942080607354692,0.49236179717842765,0.09790396514338877,0.09809967466315145,0.3325946161416259,0.33352348634766316,G_new,100,-0.00014232535084424125,0.8340486409156068,0.996998458573678,0.9970360048116251,60,2332,0.0008576329331045907,random_reject_same_coverage,3730,0.4987936924898732,0.499842249141657,0.6246648793565683,umap,1398,0.0007153075822603494,0.374798927613941,4,33,exact_dedup_clean,0.49879369248987326,0.499842249141657
0.9991423670668954,0.4942080607354692,0.4915905452060057,0.09790396514338877,0.09680074838464482,0.3325946161416259,0.3328309282010038,G_new,100,-0.00014232535084424125,0.8340486409156068,0.996998458573678,0.9971341062663205,60,2332,0.0008576329331045907,random_reject_same_coverage,3730,0.4987936924898732,0.4990763840079762,0.6246648793565683,umap,1398,0.0007153075822603494,0.374798927613941,5,33,exact_dedup_clean,0.49879369248987326,0.4990763840079762
0.9991423670668954,0.4942080607354692,0.4947132460926084,0.09790396514338877,0.1012227061995607,0.3325946161416259,0.3356177369519618,G_new,100,-0.00014232535084424125,0.8340486409156068,0.996998458573678,0.9971483064135522,60,2332,0.0008576329331045907,random_reject_same_coverage,3730,0.4987936924898732,0.5022046587545242,0.6246648793565683,umap,1398,0.0007153075822603494,0.374798927613941,6,33,exact_dedup_clean,0.49879369248987326,0.5022046587545244
1.0,0.4942080607354692,0.49358098349292,0.09790396514338877,0.09894526125921203,0.3325946161416259,0.334281059897216,G_new,100,0.0021459227467811592,nan,0.996998458573678,1.0000000000000002,60,2332,0.0,random_reject_same_coverage,3730,0.4987936924898732,0.5010654350785235,0.6252010723860589,umap,1398,0.0021459227467811592,0.374798927613941,7,33,exact_dedup_clean,0.49879369248987326,0.5010654350785234
0.9987135506003431,0.4942080607354692,0.4900046315283444,0.09790396514338877,0.09678373530681025,0.3325946161416259,0.33161027255451564,G_new,100,-0.0012864493996569415,0.0,0.996998458573678,0.9956288757943945,60,2332,0.0012864493996569415,random_reject_same_coverage,3730,0.4987936924898732,0.4975151061148946,0.6243967828418231,umap,1398,0.0,0.374798927613941,8,33,exact_dedup_clean,0.49879369248987326,0.4975151061148946
0.9995711835334476,0.4942080607354692,0.49194973506313294,0.09790396514338877,0.09774802219003609,0.3325946161416259,0.33301591370438627,G_new,100,0.001001798697968348,3.3361945636619956,0.996998458573678,0.9985248827719647,60,2332,0.00042881646655235084,random_reject_same_coverage,3730,0.4987936924898732,0.49945848759997324,0.6249329758713137,umap,1398,0.0014306151645206988,0.374798927613941,9,33,exact_dedup_clean,0.49879369248987326,0.4994584875999732
0.9987135506003431,0.4942080607354692,0.49211640454336336,0.09790396514338877,0.09905274403935471,0.3325946161416259,0.33349297882560935,G_new,100,-0.0012864493996569415,0.0,0.996998458573678,0.9955935265913434,60,2332,0.0012864493996569415,random_reject_same_coverage,3730,0.4987936924898732,0.49962654730029077,0.6243967828418231,umap,1398,0.0,0.374798927613941,10,33,exact_dedup_clean,0.49879369248987326,0.4996265473002907
0.9991423670668954,0.4942080607354692,0.49146470926702385,0.09790396514338877,0.09727331954329747,0.3325946161416259,0.3327128797954594,G_new,100,-0.00014232535084424125,0.8340486409156068,0.996998458573678,0.9971428890336992,60,2332,0.0008576329331045907,random_reject_same_coverage,3730,0.4987936924898732,0.49894475770114355,0.6246648793565683,umap,1398,0.0007153075822603494,0.374798927613941,11,33,exact_dedup_clean,0.49879369248987326,0.4989447577011436
1.0,0.4942080607354692,0.4906874997522624,0.09790396514338877,0.09541927649853056,0.3325946161416259,0.3317492264745916,G_new,100,0.0021459227467811592,nan,0.996998458573678,1.0000000000000002,60,2332,0.0,random_reject_same_coverage,3730,0.4987936924898732,0.49821575996375633,0.6252010723860589,umap,1398,0.0021459227467811592,0.374798927613941,12,33,exact_dedup_clean,0.49879369248987326,0.4982157599637563
0.9995711835334476,0.4942080607354692,0.4917393939958008,0.09790396514338877,0.0970881988904004,0.3325946161416259,0.3328156494470159,G_new,100,0.001001798697968348,3.3361945636619956,0.996998458573678,0.9985439413231985,60,2332,0.00042881646655235084,random_reject_same_coverage,3730,0.4987936924898732,0.49923559741001905,0.6249329758713137,umap,1398,0.0014306151645206988,0.374798927613941,13,33,exact_dedup_clean,0.49879369248987326,0.49923559741001905
0.9987135506003431,0.4942080607354692,0.49230303283609256,0.09790396514338877,0.09925031348241846,0.3325946161416259,0.33365562383795677,G_new,100,-0.0012864493996569415,0.0,0.996998458573678,0.9955700109005727,60,2332,0.0012864493996569415,random_reject_same_coverage,3730,0.4987936924898732,0.49980608916970565,0.6243967828418231,umap,1398,0.0,0.374798927613941,14,33,exact_dedup_clean,0.49879369248987326,0.4998060891697057
0.9991423670668954,0.4942080607354692,0.4920811386746008,0.09790396514338877,0.09809946306577211,0.3325946161416259,0.33327779921708667,G_new,100,-0.00014232535084424125,0.8340486409156068,0.996998458573678,0.9970841813434929,60,2332,0.0008576329331045907,random_reject_same_coverage,3730,0.4987936924898732,0.4995723366242093,0.6246648793565683,umap,1398,0.0007153075822603494,0.374798927613941,15,33,exact_dedup_clean,0.49879369248987326,0.49957233662420936
0.9995711835334476,0.4942080607354692,0.49490590710112287,0.09790396514338877,0.10048827045608623,0.3325946161416259,0.3355987613113445,G_new,100,0.001001798697968348,3.3361945636619956,0.996998458573678,0.9985615012800205,60,2332,0.00042881646655235084,random_reject_same_coverage,3730,0.4987936924898732,0.5023624407338728,0.6249329758713137,umap,1398,0.0014306151645206988,0.374798927613941,16,33,exact_dedup_clean,0.49879369248987326,0.5023624407338728
0.9991423670668954,0.4942080607354692,0.49190568798921624,0.09790396514338877,0.09839768977067895,0.3325946161416259,0.3331301576740101,G_new,100,-0.00014232535084424125,0.8340486409156068,0.996998458573678,0.9971189780517216,60,2332,0.0008576329331045907,random_reject_same_coverage,3730,0.4987936924898732,0.499410814797333,0.6246648793565683,umap,1398,0.0007153075822603494,0.374798927613941,17,33,exact_dedup_clean,0.49879369248987326,0.49941081479733296
0.9995711835334476,0.4942080607354692,0.492481791327682,0.09790396514338877,0.0980052560616869,0.3325946161416259,0.33345933052923526,G_new,100,0.001001798697968348,3.3361945636619956,0.996998458573678,0.9986073175202028,60,2332,0.00042881646655235084,random_reject_same_coverage,3730,0.4987936924898732,0.4999673673227852,0.6249329758713137,umap,1398,0.0014306151645206988,0.374798927613941,18,33,exact_dedup_clean,0.49879369248987326,0.4999673673227852
0.9987135506003431,0.4942080607354692,0.49059563285604163,0.09790396514338877,0.097193876565937,0.3325946161416259,0.33213514926763754,G_new,100,-0.0012864493996569415,0.0,0.996998458573678,0.9957076226997194,60,2332,0.0012864493996569415,random_reject_same_coverage,3730,0.4987936924898732,0.49811544992229817,0.6243967828418231,umap,1398,0.0,0.374798927613941,19,33,exact_dedup_clean,0.49879369248987326,0.4981154499222982
0.9979381443298969,0.493584642594576,0.4901282416562319,0.098390237709642,0.09848376973280894,0.33227072253085327,0.3317939453121723,G_new,100,-0.0020618556701030855,0.0,0.9950067033576954,0.9928591618251126,60,2425,0.0020618556701030855,random_reject_same_coverage,3730,0.4981800937756102,0.4973749831806338,0.6487935656836461,umap,1305,0.0,0.34986595174262736,0,44,exact_dedup_clean,0.4981800937756101,0.4973749831806337
0.9987628865979381,0.493584642594576,0.4925653189346327,0.098390237709642,0.098862944647326,0.33227072253085327,0.3335841580262275,G_new,100,0.00029545364774652416,1.2388250319284326,0.9950067033576954,0.9958572100355012,60,2425,0.0012371134020618957,random_reject_same_coverage,3730,0.4981800937756102,0.4997620758685701,0.6493297587131367,umap,1305,0.0015325670498084198,0.34986595174262736,1,44,exact_dedup_clean,0.4981800937756101,0.4997620758685701
0.9983505154639175,0.493584642594576,0.4910162571179082,0.098390237709642,0.09895810234743344,0.33227072253085327,0.3324435693037541,G_new,100,-0.0008832010111782251,0.4645593869732063,0.9950067033576954,0.9940792501396515,60,2425,0.0016494845360824906,random_reject_same_coverage,3730,0.4981800937756102,0.4982579255227422,0.6490616621983915,umap,1305,0.0007662835249042654,0.34986595174262736,2,44,exact_dedup_clean,0.4981800937756101,0.4982579255227422
0.9983505154639175,0.493584642594576,0.49113748856655837,0.098390237709642,0.09767325788386899,0.33227072253085327,0.3324906238703348,G_new,100,-0.0008832010111782251,0.4645593869732063,0.9950067033576954,0.9942607384613066,60,2425,0.0016494845360824906,random_reject_same_coverage,3730,0.4981800937756102,0.4983335726745545,0.6490616621983915,umap,1305,0.0007662835249042654,0.34986595174262736,3,44,exact_dedup_clean,0.4981800937756101,0.4983335726745545
0.9983505154639175,0.493584642594576,0.4899853778560786,0.098390237709642,0.09703399643042504,0.33227072253085327,0.33146995550195996,G_new,100,-0.0008832010111782251,0.4645593869732063,0.9950067033576954,0.9945531403393052,60,2425,0.0016494845360824906,random_reject_same_coverage,3730,0.4981800937756102,0.49722284054706584,0.6490616621983915,umap,1305,0.0007662835249042654,0.34986595174262736,4,44,exact_dedup_clean,0.4981800937756101,0.49722284054706595
0.9979381443298969,0.493584642594576,0.4886152670791713,0.098390237709642,0.09665478273972104,0.33227072253085327,0.330457917171262,G_new,100,-0.0020618556701030855,0.0,0.9950067033576954,0.9928481136704207,60,2425,0.0020618556701030855,random_reject_same_coverage,3730,0.4981800937756102,0.4958709656937943,0.6487935656836461,umap,1305,0.0,0.34986595174262736,5,44,exact_dedup_clean,0.4981800937756101,0.4958709656937944
0.9991752577319588,0.493584642594576,0.4916285227379128,0.098390237709642,0.09821963906127619,0.33227072253085327,0.33263412170595547,G_new,100,0.0014741083066714955,2.7873563218392907,0.9950067033576954,0.9970510795761682,60,2425,0.0008247422680411898,random_reject_same_coverage,3730,0.4981800937756102,0.4988447037404088,0.649597855227882,umap,1305,0.0022988505747126853,0.34986595174262736,6,44,exact_dedup_clean,0.4981800937756101,0.4988447037404088
0.9983505154639175,0.493584642594576,0.4929875549197256,0.098390237709642,0.09943431769889181,0.33227072253085327,0.33407902192925015,G_new,100,-0.0008832010111782251,0.4645593869732063,0.9950067033576954,0.9946798313537712,60,2425,0.0016494845360824906,random_reject_same_coverage,3730,0.4981800937756102,0.5001685059262445,0.6490616621983915,umap,1305,0.0007662835249042654,0.34986595174262736,7,44,exact_dedup_clean,0.4981800937756101,0.5001685059262445
0.9991752577319588,0.493584642594576,0.49211717356226364,0.098390237709642,0.09787383066522141,0.33227072253085327,0.33302636172341027,G_new,100,0.0014741083066714955,2.7873563218392907,0.9950067033576954,0.9972277406482326,60,2425,0.0008247422680411898,random_reject_same_coverage,3730,0.4981800937756102,0.49930780245014483,0.649597855227882,umap,1305,0.0022988505747126853,0.34986595174262736,8,44,exact_dedup_clean,0.4981800937756101,0.49930780245014483
0.9987628865979381,0.493584642594576,0.49192230351841354,0.098390237709642,0.09821266873553855,0.33227072253085327,0.33303266707795814,G_new,100,0.00029545364774652416,1.2388250319284326,0.9950067033576954,0.9957684090533246,60,2425,0.0012371134020618957,random_reject_same_coverage,3730,0.4981800937756102,0.49913175871967796,0.6493297587131367,umap,1305,0.0015325670498084198,0.34986595174262736,9,44,exact_dedup_clean,0.4981800937756101,0.4991317587196779
0.9983505154639175,0.493584642594576,0.4901439402605979,0.098390237709642,0.09708711375135669,0.33227072253085327,0.33159216700460065,G_new,100,-0.0008832010111782251,0.4645593869732063,0.9950067033576954,0.994577857650497,60,2425,0.0016494845360824906,random_reject_same_coverage,3730,0.4981800937756102,0.4973634163672075,0.6490616621983915,umap,1305,0.0007662835249042654,0.34986595174262736,10,44,exact_dedup_clean,0.4981800937756101,0.4973634163672074
0.9983505154639175,0.493584642594576,0.49065060907862984,0.098390237709642,0.09872824888023665,0.33227072253085327,0.3321037237028438,G_new,100,-0.0008832010111782251,0.4645593869732063,0.9950067033576954,0.994299429617218,60,2425,0.0016494845360824906,random_reject_same_coverage,3730,0.4981800937756102,0.4979037364694982,0.6490616621983915,umap,1305,0.0007662835249042654,0.34986595174262736,11,44,exact_dedup_clean,0.4981800937756101,0.4979037364694982
0.9987628865979381,0.493584642594576,0.4909674265262858,0.098390237709642,0.09756742573763441,0.33227072253085327,0.33218391014131676,G_new,100,0.00029545364774652416,1.2388250319284326,0.9950067033576954,0.995778914372951,60,2425,0.0012371134020618957,random_reject_same_coverage,3730,0.4981800937756102,0.49817920698747453,0.6493297587131367,umap,1305,0.0015325670498084198,0.34986595174262736,12,44,exact_dedup_clean,0.4981800937756101,0.4981792069874744
0.9983505154639175,0.493584642594576,0.48890261033029575,0.098390237709642,0.09669430843573984,0.33227072253085327,0.3305604904151826,G_new,100,-0.0008832010111782251,0.4645593869732063,0.9950067033576954,0.994224014062876,60,2425,0.0016494845360824906,random_reject_same_coverage,3730,0.4981800937756102,0.49615794351498455,0.6490616621983915,umap,1305,0.0007662835249042654,0.34986595174262736,13,44,exact_dedup_clean,0.4981800937756101,0.49615794351498455
0.9983505154639175,0.493584642594576,0.49178178886169543,0.098390237709642,0.09868517442999696,0.33227072253085327,0.3330635538292869,G_new,100,-0.0008832010111782251,0.4645593869732063,0.9950067033576954,0.9943101226914908,60,2425,0.0016494845360824906,random_reject_same_coverage,3730,0.4981800937756102,0.4989830202751927,0.6490616621983915,umap,1305,0.0007662835249042654,0.34986595174262736,14,44,exact_dedup_clean,0.4981800937756101,0.4989830202751927
0.9987628865979381,0.493584642594576,0.49154456098714044,0.098390237709642,0.09797690429852364,0.33227072253085327,0.3326861259454229,G_new,100,0.00029545364774652416,1.2388250319284326,0.9950067033576954,0.9957021142805021,60,2425,0.0012371134020618957,random_reject_same_coverage,3730,0.4981800937756102,0.4987341335381119,0.6493297587131367,umap,1305,0.0015325670498084198,0.34986595174262736,15,44,exact_dedup_clean,0.4981800937756101,0.49873413353811197
0.9991752577319588,0.493584642594576,0.49178559835317254,0.098390237709642,0.09723221815884085,0.33227072253085327,0.33272962253953864,G_new,100,0.0014741083066714955,2.7873563218392907,0.9950067033576954,0.9972124472952806,60,2425,0.0008247422680411898,random_reject_same_coverage,3730,0.4981800937756102,0.4989722916600399,0.649597855227882,umap,1305,0.0022988505747126853,0.34986595174262736,16,44,exact_dedup_clean,0.4981800937756101,0.4989722916600399
0.9983505154639175,0.493584642594576,0.49188381183352026,0.098390237709642,0.09933860990700183,0.33227072253085327,0.3331744808842006,G_new,100,-0.0008832010111782251,0.4645593869732063,0.9950067033576954,0.9941439068693902,60,2425,0.0016494845360824906,random_reject_same_coverage,3730,0.4981800937756102,0.49908655398947116,0.6490616621983915,umap,1305,0.0007662835249042654,0.34986595174262736,17,44,exact_dedup_clean,0.4981800937756101,0.49908655398947116
0.9983505154639175,0.493584642594576,0.4909882573489836,0.098390237709642,0.09832473481700207,0.33227072253085327,0.33235495908869733,G_new,100,-0.0008832010111782251,0.4645593869732063,0.9950067033576954,0.9945343464436898,60,2425,0.0016494845360824906,random_reject_same_coverage,3730,0.4981800937756102,0.49821551902850725,0.6490616621983915,umap,1305,0.0007662835249042654,0.34986595174262736,18,44,exact_dedup_clean,0.4981800937756101,0.4982155190285072
0.9979381443298969,0.493584642594576,0.4890874752181184,0.098390237709642,0.09741958936843481,0.33227072253085327,0.33087111146232484,G_new,100,-0.0020618556701030855,0.0,0.9950067033576954,0.9928301388196794,60,2425,0.0020618556701030855,random_reject_same_coverage,3730,0.4981800937756102,0.49633376330886975,0.6487935656836461,umap,1305,0.0,0.34986595174262736,19,44,exact_dedup_clean,0.4981800937756101,0.49633376330886964
0.99830866807611,0.4939489081778169,0.4934089204014326,0.09832262238995884,0.10084352349041178,0.33257374559170705,0.3346944055547607,G_new,100,-0.0009587311912893082,0.4331501831501881,0.9952290173429229,0.9944300724746615,60,2365,0.0016913319238900382,random_reject_same_coverage,3730,0.4985485062371194,0.5008262017206139,0.6329758713136729,umap,1365,0.00073260073260073,0.36595174262734587,0,55,exact_dedup_clean,0.49854850623711944,0.5008262017206138
0.9987315010570824,0.4939489081778169,0.49263698809455664,0.09832262238995884,0.09946821081404186,0.33257374559170705,0.33383182535698075,G_new,100,0.00019670252228387586,1.1550671550671177,0.9952290173429229,0.9959056064660059,60,2365,0.0012684989429175841,random_reject_same_coverage,3730,0.4985485062371194,0.5000460670404819,0.6332439678284182,umap,1365,0.00146520146520146,0.36595174262734587,1,55,exact_dedup_clean,0.49854850623711944,0.5000460670404818
0.9987315010570824,0.4939489081778169,0.489631763182517,0.09832262238995884,0.0966788864977368,0.33257374559170705,0.33120406381322465,G_new,100,0.00019670252228387586,1.1550671550671177,0.9952290173429229,0.9959822887956824,60,2365,0.0012684989429175841,random_reject_same_coverage,3730,0.4985485062371194,0.4971018288225772,0.6332439678284182,umap,1365,0.00146520146520146,0.36595174262734587,2,55,exact_dedup_clean,0.49854850623711944,0.49710182882257714
0.9987315010570824,0.4939489081778169,0.4920470917127818,0.09832262238995884,0.09949428565140546,0.33257374559170705,0.333306282555569,G_new,100,0.00019670252228387586,1.1550671550671177,0.9952290173429229,0.9960646557299057,60,2365,0.0012684989429175841,random_reject_same_coverage,3730,0.4985485062371194,0.4994762530532071,0.6332439678284182,umap,1365,0.00146520146520146,0.36595174262734587,3,55,exact_dedup_clean,0.49854850623711944,0.49947625305320703
0.99830866807611,0.4939489081778169,0.4907717812559091,0.09832262238995884,0.09832689289158499,0.33257374559170705,0.3323914829534297,G_new,100,-0.0009587311912893082,0.4331501831501881,0.9952290173429229,0.9942776021886163,60,2365,0.0016913319238900382,random_reject_same_coverage,3730,0.4985485062371194,0.4982243279204309,0.6329758713136729,umap,1365,0.00073260073260073,0.36595174262734587,4,55,exact_dedup_clean,0.49854850623711944,0.4982243279204309
0.9987315010570824,0.4939489081778169,0.4909790960847463,0.09832262238995884,0.0975230845202276,0.33257374559170705,0.3323663582804946,G_new,100,0.00019670252228387586,1.1550671550671177,0.9952290173429229,0.9959369813188175,60,2365,0.0012684989429175841,random_reject_same_coverage,3730,0.4985485062371194,0.49840414864522825,0.6332439678284182,umap,1365,0.00146520146520146,0.36595174262734587,5,55,exact_dedup_clean,0.49854850623711944,0.4984041486452283
0.9987315010570824,0.4939489081778169,0.4921429790983551,0.09832262238995884,0.09918825700767478,0.33257374559170705,0.33342265179539143,G_new,100,0.00019670252228387586,1.1550671550671177,0.9952290173429229,0.9956878413431677,60,2365,0.0012684989429175841,random_reject_same_coverage,3730,0.4985485062371194,0.4995594905538959,0.6332439678284182,umap,1365,0.00146520146520146,0.36595174262734587,6,55,exact_dedup_clean,0.49854850623711944,0.49955949055389587
0.99830866807611,0.4939489081778169,0.4904108373353548,0.09832262238995884,0.09793107303225028,0.33257374559170705,0.33203955045386735,G_new,100,-0.0009587311912893082,0.4331501831501881,0.9952290173429229,0.9946333623175925,60,2365,0.0016913319238900382,random_reject_same_coverage,3730,0.4985485062371194,0.49787345669164806,0.6329758713136729,umap,1365,0.00073260073260073,0.36595174262734587,7,55,exact_dedup_clean,0.49854850623711944,0.497873456691648
0.99830866807611,0.4939489081778169,0.490565203432122,0.09832262238995884,0.0972981360799576,0.33257374559170705,0.3321875995261543,G_new,100,-0.0009587311912893082,0.4331501831501881,0.9952290173429229,0.994244622570984,60,2365,0.0016913319238900382,random_reject_same_coverage,3730,0.4985485062371194,0.4979911208602341,0.6329758713136729,umap,1365,0.00073260073260073,0.36595174262734587,8,55,exact_dedup_clean,0.49854850623711944,0.4979911208602341
0.9978858350951374,0.4939489081778169,0.49178597431815585,0.09832262238995884,0.09922074318854929,0.33257374559170705,0.33336389945179506,G_new,100,-0.0021141649048626032,0.0,0.9952290173429229,0.9932755272203693,60,2365,0.0021141649048626032,random_reject_same_coverage,3730,0.4985485062371194,0.49918945016556626,0.6327077747989276,umap,1365,0.0,0.36595174262734587,9,55,exact_dedup_clean,0.49854850623711944,0.49918945016556626
0.9987315010570824,0.4939489081778169,0.4923679217720725,0.09832262238995884,0.09843965484119617,0.33257374559170705,0.33360832496653925,G_new,100,0.00019670252228387586,1.1550671550671177,0.9952290173429229,0.995652742685096,60,2365,0.0012684989429175841,random_reject_same_coverage,3730,0.4985485062371194,0.4997634427409042,0.6332439678284182,umap,1365,0.00146520146520146,0.36595174262734587,10,55,exact_dedup_clean,0.49854850623711944,0.4997634427409041
0.999154334038055,0.4939489081778169,0.4917719328900341,0.09832262238995884,0.09809111562801043,0.33257374559170705,0.33293589325864503,G_new,100,0.001352136235857171,2.5989010989011283,0.9952290173429229,0.9970455906071967,60,2365,0.0008456659619450191,random_reject_same_coverage,3730,0.4985485062371194,0.4991832869184291,0.6335120643431635,umap,1365,0.00219780219780219,0.36595174262734587,11,55,exact_dedup_clean,0.49854850623711944,0.49918328691842917
0.999154334038055,0.4939489081778169,0.49337918969011896,0.09832262238995884,0.09914436195114158,0.33257374559170705,0.3343279270449116,G_new,100,0.001352136235857171,2.5989010989011283,0.9952290173429229,0.9972900964123457,60,2365,0.0008456659619450191,random_reject_same_coverage,3730,0.4985485062371194,0.5007771368703795,0.6335120643431635,umap,1365,0.00219780219780219,0.36595174262734587,12,55,exact_dedup_clean,0.49854850623711944,0.5007771368703795
0.9987315010570824,0.4939489081778169,0.49141186393349684,0.09832262238995884,0.09859727223545264,0.33257374559170705,0.33276776926685425,G_new,100,0.00019670252228387586,1.1550671550671177,0.9952290173429229,0.9958386912922664,60,2365,0.0012684989429175841,random_reject_same_coverage,3730,0.4985485062371194,0.49884300534184406,0.6332439678284182,umap,1365,0.00146520146520146,0.36595174262734587,13,55,exact_dedup_clean,0.49854850623711944,0.4988430053418441
0.99830866807611,0.4939489081778169,0.49230040133035363,0.09832262238995884,0.09937833425612594,0.33257374559170705,0.33371765884991256,G_new,100,-0.0009587311912893082,0.4331501831501881,0.9952290173429229,0.994261719965833,60,2365,0.0016913319238900382,random_reject_same_coverage,3730,0.4985485062371194,0.4997106111195453,0.6329758713136729,umap,1365,0.00073260073260073,0.36595174262734587,14,55,exact_dedup_clean,0.49854850623711944,0.4997106111195453
0.9995771670190274,0.4939489081778169,0.4942245523947128,0.09832262238995884,0.09933531974074555,0.33257374559170705,0.3349157145807781,G_new,100,0.002507569949430355,6.930402930402099,0.9952290173429229,0.9985783204406468,60,2365,0.00042283298097256505,random_reject_same_coverage,3730,0.4985485062371194,0.5015989017901817,0.6337801608579089,umap,1365,0.00293040293040292,0.36595174262734587,15,55,exact_dedup_clean,0.49854850623711944,0.5015989017901819
0.99830866807611,0.4939489081778169,0.49268557905820143,0.09832262238995884,0.09886851825278481,0.33257374559170705,0.3340286328469986,G_new,100,-0.0009587311912893082,0.4331501831501881,0.9952290173429229,0.9943333805172172,60,2365,0.0016913319238900382,random_reject_same_coverage,3730,0.4985485062371194,0.5000682289116831,0.6329758713136729,umap,1365,0.00073260073260073,0.36595174262734587,16,55,exact_dedup_clean,0.49854850623711944,0.5000682289116831
0.9987315010570824,0.4939489081778169,0.491846426420382,0.09832262238995884,0.09836046986241201,0.33257374559170705,0.33315574017847716,G_new,100,0.00019670252228387586,1.1550671550671177,0.9952290173429229,0.9957024572872732,60,2365,0.0012684989429175841,random_reject_same_coverage,3730,0.4985485062371194,0.499261681626673,0.6332439678284182,umap,1365,0.00146520146520146,0.36595174262734587,17,55,exact_dedup_clean,0.49854850623711944,0.4992616816266731
0.999154334038055,0.4939489081778169,0.4919118513756893,0.09832262238995884,0.0987490117224272,0.33257374559170705,0.3330589912744851,G_new,100,0.001352136235857171,2.5989010989011283,0.9952290173429229,0.9971350872343347,60,2365,0.0008456659619450191,random_reject_same_coverage,3730,0.4985485062371194,0.4993328592936767,0.6335120643431635,umap,1365,0.00219780219780219,0.36595174262734587,18,55,exact_dedup_clean,0.49854850623711944,0.49933285929367666
0.9978858350951374,0.4939489081778169,0.491113613005495,0.09832262238995884,0.0993813267741019,0.33257374559170705,0.3328014455150945,G_new,100,-0.0021141649048626032,0.0,0.9952290173429229,0.9931460046771876,60,2365,0.0021141649048626032,random_reject_same_coverage,3730,0.4985485062371194,0.49854227015735575,0.6327077747989276,umap,1365,0.0,0.36595174262734587,19,55,exact_dedup_clean,0.49854850623711944,0.49854227015735575
